repair_id,repaired_image_id,source_image_id,source_prompt_id,constraint_id,constraint_type,check_text,before_label,after_label,after_notes,is_target_constraint
repair_human_001_job_0001_gpt_image_1_00,repair_job_human_0001_gpt_image_1_00,job_0001_gpt_image_1_00,combined_attribute_cardinality_001,combined_attribute_cardinality_001_identity_object_1,object_identity,Does the image contain a clearly identifiable bottle cap?,ambiguous,pass,,True
repair_human_001_job_0001_gpt_image_1_00,repair_job_human_0001_gpt_image_1_00,job_0001_gpt_image_1_00,combined_attribute_cardinality_001,combined_attribute_cardinality_001_identity_object_2,object_identity,Does the image contain a clearly identifiable marble?,pass,pass,,False
repair_human_001_job_0001_gpt_image_1_00,repair_job_human_0001_gpt_image_1_00,job_0001_gpt_image_1_00,combined_attribute_cardinality_001,combined_attribute_cardinality_001_cardinality,cardinality,Does the image contain exactly 3 clearly visible bottle caps?,fail,pass,,True
repair_human_001_job_0001_gpt_image_1_00,repair_job_human_0001_gpt_image_1_00,job_0001_gpt_image_1_00,combined_attribute_cardinality_001,combined_attribute_cardinality_001_attribute_object_1,attribute,Does the image show a ceramic bottle cap?,pass,pass,,False
repair_human_001_job_0001_gpt_image_1_00,repair_job_human_0001_gpt_image_1_00,job_0001_gpt_image_1_00,combined_attribute_cardinality_001,combined_attribute_cardinality_001_attribute_object_2,attribute,Does the image show a plastic marble?,pass,pass,,False
repair_human_002_job_0002_gemini_2_5_flash_image_00,repair_job_human_0002_gemini_2_5_flash_image_00,job_0002_gemini_2_5_flash_image_00,combined_attribute_cardinality_026,combined_attribute_cardinality_026_identity_object_1,object_identity,Does the image contain a clearly identifiable standard sewing button?,pass,pass,,False
repair_human_002_job_0002_gemini_2_5_flash_image_00,repair_job_human_0002_gemini_2_5_flash_image_00,job_0002_gemini_2_5_flash_image_00,combined_attribute_cardinality_026,combined_attribute_cardinality_026_identity_object_2,object_identity,Does the image contain a clearly identifiable small box?,pass,pass,,False
repair_human_002_job_0002_gemini_2_5_flash_image_00,repair_job_human_0002_gemini_2_5_flash_image_00,job_0002_gemini_2_5_flash_image_00,combined_attribute_cardinality_026,combined_attribute_cardinality_026_cardinality,cardinality,Does the image contain exactly 6 clearly visible standard sewing buttons?,fail,fail,"there are five buttons, not six.",True
repair_human_002_job_0002_gemini_2_5_flash_image_00,repair_job_human_0002_gemini_2_5_flash_image_00,job_0002_gemini_2_5_flash_image_00,combined_attribute_cardinality_026,combined_attribute_cardinality_026_attribute_object_1,attribute,Does the image show a matte black standard sewing button?,pass,pass,,False
repair_human_002_job_0002_gemini_2_5_flash_image_00,repair_job_human_0002_gemini_2_5_flash_image_00,job_0002_gemini_2_5_flash_image_00,combined_attribute_cardinality_026,combined_attribute_cardinality_026_attribute_object_2,attribute,Does the image show a blue-and-white striped small box?,pass,pass,,False
repair_human_003_job_0003_gpt_image_1_00,repair_job_human_0003_gpt_image_1_00,job_0003_gpt_image_1_00,combined_attribute_cardinality_025,combined_attribute_cardinality_025_identity_object_1,object_identity,Does the image contain a clearly identifiable coin?,ambiguous,ambiguous,"cannot tell if the round item is coins or not.",True
repair_human_003_job_0003_gpt_image_1_00,repair_job_human_0003_gpt_image_1_00,job_0003_gpt_image_1_00,combined_attribute_cardinality_025,combined_attribute_cardinality_025_identity_object_2,object_identity,Does the image contain a clearly identifiable napkin?,pass,pass,,False
repair_human_003_job_0003_gpt_image_1_00,repair_job_human_0003_gpt_image_1_00,job_0003_gpt_image_1_00,combined_attribute_cardinality_025,combined_attribute_cardinality_025_cardinality,cardinality,Does the image contain exactly 6 clearly visible coins?,fail,fail,"there are seven coins, not six.",True
repair_human_003_job_0003_gpt_image_1_00,repair_job_human_0003_gpt_image_1_00,job_0003_gpt_image_1_00,combined_attribute_cardinality_025,combined_attribute_cardinality_025_attribute_object_1,attribute,Does the image show a glossy white coin?,pass,pass,,False
repair_human_003_job_0003_gpt_image_1_00,repair_job_human_0003_gpt_image_1_00,job_0003_gpt_image_1_00,combined_attribute_cardinality_025,combined_attribute_cardinality_025_attribute_object_2,attribute,Does the image show a blue-and-white striped napkin?,pass,pass,,False
repair_human_004_job_0004_gemini_2_5_flash_image_00,repair_job_human_0004_gemini_2_5_flash_image_00,job_0004_gemini_2_5_flash_image_00,combined_attribute_cardinality_019,combined_attribute_cardinality_019_identity_object_1,object_identity,Does the image contain a clearly identifiable coin?,pass,pass,,False
repair_human_004_job_0004_gemini_2_5_flash_image_00,repair_job_human_0004_gemini_2_5_flash_image_00,job_0004_gemini_2_5_flash_image_00,combined_attribute_cardinality_019,combined_attribute_cardinality_019_identity_object_2,object_identity,Does the image contain a clearly identifiable die?,pass,pass,,False
repair_human_004_job_0004_gemini_2_5_flash_image_00,repair_job_human_0004_gemini_2_5_flash_image_00,job_0004_gemini_2_5_flash_image_00,combined_attribute_cardinality_019,combined_attribute_cardinality_019_cardinality,cardinality,Does the image contain exactly 5 clearly visible coins?,fail,pass,,True
repair_human_004_job_0004_gemini_2_5_flash_image_00,repair_job_human_0004_gemini_2_5_flash_image_00,job_0004_gemini_2_5_flash_image_00,combined_attribute_cardinality_019,combined_attribute_cardinality_019_attribute_object_1,attribute,Does the image show a plastic coin?,pass,pass,,False
repair_human_004_job_0004_gemini_2_5_flash_image_00,repair_job_human_0004_gemini_2_5_flash_image_00,job_0004_gemini_2_5_flash_image_00,combined_attribute_cardinality_019,combined_attribute_cardinality_019_attribute_object_2,attribute,Does the image show a reflective metallic die?,pass,pass,,False
repair_human_005_job_0005_gpt_image_1_00,repair_job_human_0005_gpt_image_1_00,job_0005_gpt_image_1_00,combined_attribute_cardinality_013,combined_attribute_cardinality_013_identity_object_1,object_identity,Does the image contain a clearly identifiable coin?,pass,pass,,False
repair_human_005_job_0005_gpt_image_1_00,repair_job_human_0005_gpt_image_1_00,job_0005_gpt_image_1_00,combined_attribute_cardinality_013,combined_attribute_cardinality_013_identity_object_2,object_identity,Does the image contain a clearly identifiable food container?,pass,pass,,False
repair_human_005_job_0005_gpt_image_1_00,repair_job_human_0005_gpt_image_1_00,job_0005_gpt_image_1_00,combined_attribute_cardinality_013,combined_attribute_cardinality_013_cardinality,cardinality,Does the image contain exactly 5 clearly visible coins?,fail,pass,,True
repair_human_005_job_0005_gpt_image_1_00,repair_job_human_0005_gpt_image_1_00,job_0005_gpt_image_1_00,combined_attribute_cardinality_013,combined_attribute_cardinality_013_attribute_object_1,attribute,Does the image show a ceramic coin?,pass,pass,,False
repair_human_005_job_0005_gpt_image_1_00,repair_job_human_0005_gpt_image_1_00,job_0005_gpt_image_1_00,combined_attribute_cardinality_013,combined_attribute_cardinality_013_attribute_object_2,attribute,Does the image show a black-and-white checkered food container?,pass,pass,,False
repair_human_006_job_0006_gemini_2_5_flash_image_00,repair_job_human_0006_gemini_2_5_flash_image_00,job_0006_gemini_2_5_flash_image_00,combined_attribute_cardinality_034,combined_attribute_cardinality_034_identity_object_1,object_identity,Does the image contain a clearly identifiable thumbtack?,pass,pass,,False
repair_human_006_job_0006_gemini_2_5_flash_image_00,repair_job_human_0006_gemini_2_5_flash_image_00,job_0006_gemini_2_5_flash_image_00,combined_attribute_cardinality_034,combined_attribute_cardinality_034_identity_object_2,object_identity,Does the image contain a clearly identifiable sheet of paper?,pass,pass,,False
repair_human_006_job_0006_gemini_2_5_flash_image_00,repair_job_human_0006_gemini_2_5_flash_image_00,job_0006_gemini_2_5_flash_image_00,combined_attribute_cardinality_034,combined_attribute_cardinality_034_cardinality,cardinality,Does the image contain exactly 5 clearly visible thumbtacks?,fail,pass,,True
repair_human_006_job_0006_gemini_2_5_flash_image_00,repair_job_human_0006_gemini_2_5_flash_image_00,job_0006_gemini_2_5_flash_image_00,combined_attribute_cardinality_034,combined_attribute_cardinality_034_attribute_object_1,attribute,Does the image show a matte black thumbtack?,pass,pass,,False
repair_human_006_job_0006_gemini_2_5_flash_image_00,repair_job_human_0006_gemini_2_5_flash_image_00,job_0006_gemini_2_5_flash_image_00,combined_attribute_cardinality_034,combined_attribute_cardinality_034_attribute_object_2,attribute,Does the image show a white speckled sheet of paper?,pass,pass,,False
repair_human_007_job_0007_gpt_image_1_00,repair_job_human_0007_gpt_image_1_00,job_0007_gpt_image_1_00,combined_attribute_cardinality_020,combined_attribute_cardinality_020_identity_object_1,object_identity,Does the image contain a clearly identifiable small flat washer?,pass,pass,,False
repair_human_007_job_0007_gpt_image_1_00,repair_job_human_0007_gpt_image_1_00,job_0007_gpt_image_1_00,combined_attribute_cardinality_020,combined_attribute_cardinality_020_identity_object_2,object_identity,Does the image contain a clearly identifiable bottle cap?,pass,pass,,False
repair_human_007_job_0007_gpt_image_1_00,repair_job_human_0007_gpt_image_1_00,job_0007_gpt_image_1_00,combined_attribute_cardinality_020,combined_attribute_cardinality_020_cardinality,cardinality,Does the image contain exactly 5 clearly visible small flat washers?,fail,pass,,True
repair_human_007_job_0007_gpt_image_1_00,repair_job_human_0007_gpt_image_1_00,job_0007_gpt_image_1_00,combined_attribute_cardinality_020,combined_attribute_cardinality_020_attribute_object_1,attribute,Does the image show a plastic small flat washer?,ambiguous,pass,,True
repair_human_007_job_0007_gpt_image_1_00,repair_job_human_0007_gpt_image_1_00,job_0007_gpt_image_1_00,combined_attribute_cardinality_020,combined_attribute_cardinality_020_attribute_object_2,attribute,Does the image show a reflective metallic bottle cap?,pass,pass,,False
repair_human_008_job_0009_gpt_image_1_00,repair_job_human_0008_gpt_image_1_00,job_0009_gpt_image_1_00,combined_attribute_cardinality_024,combined_attribute_cardinality_024_identity_object_1,object_identity,Does the image contain a clearly identifiable coin?,fail,ambiguous,"cannot tell what the white round item is.",True
repair_human_008_job_0009_gpt_image_1_00,repair_job_human_0008_gpt_image_1_00,job_0009_gpt_image_1_00,combined_attribute_cardinality_024,combined_attribute_cardinality_024_identity_object_2,object_identity,Does the image contain a clearly identifiable tray?,pass,pass,,False
repair_human_008_job_0009_gpt_image_1_00,repair_job_human_0008_gpt_image_1_00,job_0009_gpt_image_1_00,combined_attribute_cardinality_024,combined_attribute_cardinality_024_cardinality,cardinality,Does the image contain exactly 6 clearly visible coins?,fail,fail,"there are seven coins, not six.",True
repair_human_008_job_0009_gpt_image_1_00,repair_job_human_0008_gpt_image_1_00,job_0009_gpt_image_1_00,combined_attribute_cardinality_024,combined_attribute_cardinality_024_attribute_object_1,attribute,Does the image show a ceramic coin?,pass,pass,,False
repair_human_008_job_0009_gpt_image_1_00,repair_job_human_0008_gpt_image_1_00,job_0009_gpt_image_1_00,combined_attribute_cardinality_024,combined_attribute_cardinality_024_attribute_object_2,attribute,Does the image show a blue-and-white striped tray?,pass,pass,,False
repair_human_009_job_0014_gemini_2_5_flash_image_00,repair_job_human_0009_gemini_2_5_flash_image_00,job_0014_gemini_2_5_flash_image_00,combined_attribute_cardinality_017,combined_attribute_cardinality_017_identity_object_1,object_identity,Does the image contain a clearly identifiable standard sewing button?,pass,pass,,False
repair_human_009_job_0014_gemini_2_5_flash_image_00,repair_job_human_0009_gemini_2_5_flash_image_00,job_0014_gemini_2_5_flash_image_00,combined_attribute_cardinality_017,combined_attribute_cardinality_017_identity_object_2,object_identity,Does the image contain a clearly identifiable notebook?,pass,pass,,False
repair_human_009_job_0014_gemini_2_5_flash_image_00,repair_job_human_0009_gemini_2_5_flash_image_00,job_0014_gemini_2_5_flash_image_00,combined_attribute_cardinality_017,combined_attribute_cardinality_017_cardinality,cardinality,Does the image contain exactly 5 clearly visible standard sewing buttons?,fail,pass,,True
repair_human_009_job_0014_gemini_2_5_flash_image_00,repair_job_human_0009_gemini_2_5_flash_image_00,job_0014_gemini_2_5_flash_image_00,combined_attribute_cardinality_017,combined_attribute_cardinality_017_attribute_object_1,attribute,Does the image show a glossy white standard sewing button?,pass,pass,,False
repair_human_009_job_0014_gemini_2_5_flash_image_00,repair_job_human_0009_gemini_2_5_flash_image_00,job_0014_gemini_2_5_flash_image_00,combined_attribute_cardinality_017,combined_attribute_cardinality_017_attribute_object_2,attribute,Does the image show a white speckled notebook?,fail,pass,,True
repair_human_010_job_0016_gemini_2_5_flash_image_00,repair_job_human_0010_gemini_2_5_flash_image_00,job_0016_gemini_2_5_flash_image_00,combined_attribute_cardinality_014,combined_attribute_cardinality_014_identity_object_1,object_identity,Does the image contain a clearly identifiable small paper clip?,ambiguous,pass,,True
repair_human_010_job_0016_gemini_2_5_flash_image_00,repair_job_human_0010_gemini_2_5_flash_image_00,job_0016_gemini_2_5_flash_image_00,combined_attribute_cardinality_014,combined_attribute_cardinality_014_identity_object_2,object_identity,Does the image contain a clearly identifiable cup?,pass,pass,,False
repair_human_010_job_0016_gemini_2_5_flash_image_00,repair_job_human_0010_gemini_2_5_flash_image_00,job_0016_gemini_2_5_flash_image_00,combined_attribute_cardinality_014,combined_attribute_cardinality_014_cardinality,cardinality,Does the image contain exactly 5 clearly visible small paper clips?,pass,pass,,False
repair_human_010_job_0016_gemini_2_5_flash_image_00,repair_job_human_0010_gemini_2_5_flash_image_00,job_0016_gemini_2_5_flash_image_00,combined_attribute_cardinality_014,combined_attribute_cardinality_014_attribute_object_1,attribute,Does the image show a ceramic small paper clip?,pass,pass,,False
repair_human_010_job_0016_gemini_2_5_flash_image_00,repair_job_human_0010_gemini_2_5_flash_image_00,job_0016_gemini_2_5_flash_image_00,combined_attribute_cardinality_014,combined_attribute_cardinality_014_attribute_object_2,attribute,Does the image show a reflective metallic cup?,pass,pass,,False
repair_human_011_job_0017_gpt_image_1_00,repair_job_human_0011_gpt_image_1_00,job_0017_gpt_image_1_00,combined_attribute_cardinality_016,combined_attribute_cardinality_016_identity_object_1,object_identity,Does the image contain a clearly identifiable small flat washer?,pass,pass,,False
repair_human_011_job_0017_gpt_image_1_00,repair_job_human_0011_gpt_image_1_00,job_0017_gpt_image_1_00,combined_attribute_cardinality_016,combined_attribute_cardinality_016_identity_object_2,object_identity,Does the image contain a clearly identifiable cup?,pass,pass,,False
repair_human_011_job_0017_gpt_image_1_00,repair_job_human_0011_gpt_image_1_00,job_0017_gpt_image_1_00,combined_attribute_cardinality_016,combined_attribute_cardinality_016_cardinality,cardinality,Does the image contain exactly 5 clearly visible small flat washers?,fail,fail,"there are six washers, not five.",True
repair_human_011_job_0017_gpt_image_1_00,repair_job_human_0011_gpt_image_1_00,job_0017_gpt_image_1_00,combined_attribute_cardinality_016,combined_attribute_cardinality_016_attribute_object_1,attribute,Does the image show a glossy white small flat washer?,pass,pass,,False
repair_human_011_job_0017_gpt_image_1_00,repair_job_human_0011_gpt_image_1_00,job_0017_gpt_image_1_00,combined_attribute_cardinality_016,combined_attribute_cardinality_016_attribute_object_2,attribute,Does the image show a black-and-white checkered cup?,pass,pass,,False
repair_human_012_job_0018_gemini_2_5_flash_image_00,repair_job_human_0012_gemini_2_5_flash_image_00,job_0018_gemini_2_5_flash_image_00,combined_attribute_cardinality_031,combined_attribute_cardinality_031_identity_object_1,object_identity,Does the image contain a clearly identifiable thin rubber band?,pass,pass,,False
repair_human_012_job_0018_gemini_2_5_flash_image_00,repair_job_human_0012_gemini_2_5_flash_image_00,job_0018_gemini_2_5_flash_image_00,combined_attribute_cardinality_031,combined_attribute_cardinality_031_identity_object_2,object_identity,Does the image contain a clearly identifiable cup?,pass,pass,,False
repair_human_012_job_0018_gemini_2_5_flash_image_00,repair_job_human_0012_gemini_2_5_flash_image_00,job_0018_gemini_2_5_flash_image_00,combined_attribute_cardinality_031,combined_attribute_cardinality_031_cardinality,cardinality,Does the image contain exactly 5 clearly visible thin rubber bands?,fail,pass,,True
repair_human_012_job_0018_gemini_2_5_flash_image_00,repair_job_human_0012_gemini_2_5_flash_image_00,job_0018_gemini_2_5_flash_image_00,combined_attribute_cardinality_031,combined_attribute_cardinality_031_attribute_object_1,attribute,Does the image show a ceramic thin rubber band?,fail,pass,,True
repair_human_012_job_0018_gemini_2_5_flash_image_00,repair_job_human_0012_gemini_2_5_flash_image_00,job_0018_gemini_2_5_flash_image_00,combined_attribute_cardinality_031,combined_attribute_cardinality_031_attribute_object_2,attribute,Does the image show a red-and-white striped cup?,pass,pass,,False
repair_human_013_job_0019_gpt_image_1_00,repair_job_human_0013_gpt_image_1_00,job_0019_gpt_image_1_00,combined_attribute_cardinality_022,combined_attribute_cardinality_022_identity_object_1,object_identity,Does the image contain a clearly identifiable thumbtack?,pass,pass,,False
repair_human_013_job_0019_gpt_image_1_00,repair_job_human_0013_gpt_image_1_00,job_0019_gpt_image_1_00,combined_attribute_cardinality_022,combined_attribute_cardinality_022_identity_object_2,object_identity,Does the image contain a clearly identifiable standard sewing button?,pass,pass,,False
repair_human_013_job_0019_gpt_image_1_00,repair_job_human_0013_gpt_image_1_00,job_0019_gpt_image_1_00,combined_attribute_cardinality_022,combined_attribute_cardinality_022_cardinality,cardinality,Does the image contain exactly 5 clearly visible thumbtacks?,fail,fail,"there are six thumbtacks, not five.",True
repair_human_013_job_0019_gpt_image_1_00,repair_job_human_0013_gpt_image_1_00,job_0019_gpt_image_1_00,combined_attribute_cardinality_022,combined_attribute_cardinality_022_attribute_object_1,attribute,Does the image show a reflective metallic thumbtack?,pass,pass,,False
repair_human_013_job_0019_gpt_image_1_00,repair_job_human_0013_gpt_image_1_00,job_0019_gpt_image_1_00,combined_attribute_cardinality_022,combined_attribute_cardinality_022_attribute_object_2,attribute,Does the image show a plastic standard sewing button?,pass,pass,,False
repair_human_014_job_0022_gemini_2_5_flash_image_00,repair_job_human_0014_gemini_2_5_flash_image_00,job_0022_gemini_2_5_flash_image_00,combined_attribute_cardinality_007,combined_attribute_cardinality_007_identity_object_1,object_identity,Does the image contain a clearly identifiable standard safety pin?,pass,pass,,False
repair_human_014_job_0022_gemini_2_5_flash_image_00,repair_job_human_0014_gemini_2_5_flash_image_00,job_0022_gemini_2_5_flash_image_00,combined_attribute_cardinality_007,combined_attribute_cardinality_007_identity_object_2,object_identity,Does the image contain a clearly identifiable index card?,pass,pass,,False
repair_human_014_job_0022_gemini_2_5_flash_image_00,repair_job_human_0014_gemini_2_5_flash_image_00,job_0022_gemini_2_5_flash_image_00,combined_attribute_cardinality_007,combined_attribute_cardinality_007_cardinality,cardinality,Does the image contain exactly 3 clearly visible standard safety pins?,pass,pass,,False
repair_human_014_job_0022_gemini_2_5_flash_image_00,repair_job_human_0014_gemini_2_5_flash_image_00,job_0022_gemini_2_5_flash_image_00,combined_attribute_cardinality_007,combined_attribute_cardinality_007_attribute_object_1,attribute,Does the image show a plastic standard safety pin?,fail,fail,"the safety pins are metallic, not plastic.",True
repair_human_014_job_0022_gemini_2_5_flash_image_00,repair_job_human_0014_gemini_2_5_flash_image_00,job_0022_gemini_2_5_flash_image_00,combined_attribute_cardinality_007,combined_attribute_cardinality_007_attribute_object_2,attribute,Does the image show a blue-and-white striped index card?,ambiguous,pass,,True
repair_human_015_job_0023_gpt_image_1_00,repair_job_human_0015_gpt_image_1_00,job_0023_gpt_image_1_00,combined_attribute_cardinality_018,combined_attribute_cardinality_018_identity_object_1,object_identity,Does the image contain a clearly identifiable coin?,pass,pass,,False
repair_human_015_job_0023_gpt_image_1_00,repair_job_human_0015_gpt_image_1_00,job_0023_gpt_image_1_00,combined_attribute_cardinality_018,combined_attribute_cardinality_018_identity_object_2,object_identity,Does the image contain a clearly identifiable marble?,pass,pass,,False
repair_human_015_job_0023_gpt_image_1_00,repair_job_human_0015_gpt_image_1_00,job_0023_gpt_image_1_00,combined_attribute_cardinality_018,combined_attribute_cardinality_018_cardinality,cardinality,Does the image contain exactly 5 clearly visible coins?,fail,fail,"there are six coins, not five.",True
repair_human_015_job_0023_gpt_image_1_00,repair_job_human_0015_gpt_image_1_00,job_0023_gpt_image_1_00,combined_attribute_cardinality_018,combined_attribute_cardinality_018_attribute_object_1,attribute,Does the image show a plastic coin?,pass,pass,,False
repair_human_015_job_0023_gpt_image_1_00,repair_job_human_0015_gpt_image_1_00,job_0023_gpt_image_1_00,combined_attribute_cardinality_018,combined_attribute_cardinality_018_attribute_object_2,attribute,Does the image show a matte black marble?,pass,pass,,False
repair_human_016_job_0024_gemini_2_5_flash_image_00,repair_job_human_0016_gemini_2_5_flash_image_00,job_0024_gemini_2_5_flash_image_00,combined_attribute_cardinality_010,combined_attribute_cardinality_010_identity_object_1,object_identity,Does the image contain a clearly identifiable thin rubber band?,pass,pass,,False
repair_human_016_job_0024_gemini_2_5_flash_image_00,repair_job_human_0016_gemini_2_5_flash_image_00,job_0024_gemini_2_5_flash_image_00,combined_attribute_cardinality_010,combined_attribute_cardinality_010_identity_object_2,object_identity,Does the image contain a clearly identifiable index card?,pass,pass,,False
repair_human_016_job_0024_gemini_2_5_flash_image_00,repair_job_human_0016_gemini_2_5_flash_image_00,job_0024_gemini_2_5_flash_image_00,combined_attribute_cardinality_010,combined_attribute_cardinality_010_cardinality,cardinality,Does the image contain exactly 4 clearly visible thin rubber bands?,ambiguous,fail,"there are five rubber bands, not four.",True
repair_human_016_job_0024_gemini_2_5_flash_image_00,repair_job_human_0016_gemini_2_5_flash_image_00,job_0024_gemini_2_5_flash_image_00,combined_attribute_cardinality_010,combined_attribute_cardinality_010_attribute_object_1,attribute,Does the image show a plastic thin rubber band?,pass,pass,,False
repair_human_016_job_0024_gemini_2_5_flash_image_00,repair_job_human_0016_gemini_2_5_flash_image_00,job_0024_gemini_2_5_flash_image_00,combined_attribute_cardinality_010,combined_attribute_cardinality_010_attribute_object_2,attribute,Does the image show a red-and-white striped index card?,ambiguous,pass,,True
repair_human_017_job_0025_gpt_image_1_00,repair_job_human_0017_gpt_image_1_00,job_0025_gpt_image_1_00,combined_attribute_cardinality_009,combined_attribute_cardinality_009_identity_object_1,object_identity,Does the image contain a clearly identifiable thumbtack?,pass,pass,,False
repair_human_017_job_0025_gpt_image_1_00,repair_job_human_0017_gpt_image_1_00,job_0025_gpt_image_1_00,combined_attribute_cardinality_009,combined_attribute_cardinality_009_identity_object_2,object_identity,Does the image contain a clearly identifiable tray?,pass,pass,,False
repair_human_017_job_0025_gpt_image_1_00,repair_job_human_0017_gpt_image_1_00,job_0025_gpt_image_1_00,combined_attribute_cardinality_009,combined_attribute_cardinality_009_cardinality,cardinality,Does the image contain exactly 4 clearly visible thumbtacks?,fail,pass,,True
repair_human_017_job_0025_gpt_image_1_00,repair_job_human_0017_gpt_image_1_00,job_0025_gpt_image_1_00,combined_attribute_cardinality_009,combined_attribute_cardinality_009_attribute_object_1,attribute,Does the image show a glossy white thumbtack?,pass,pass,,False
repair_human_017_job_0025_gpt_image_1_00,repair_job_human_0017_gpt_image_1_00,job_0025_gpt_image_1_00,combined_attribute_cardinality_009,combined_attribute_cardinality_009_attribute_object_2,attribute,Does the image show a matte black tray?,pass,pass,,False
repair_human_018_job_0026_gemini_2_5_flash_image_00,repair_job_human_0018_gemini_2_5_flash_image_00,job_0026_gemini_2_5_flash_image_00,combined_attribute_cardinality_030,combined_attribute_cardinality_030_identity_object_1,object_identity,Does the image contain a clearly identifiable die?,pass,pass,,False
repair_human_018_job_0026_gemini_2_5_flash_image_00,repair_job_human_0018_gemini_2_5_flash_image_00,job_0026_gemini_2_5_flash_image_00,combined_attribute_cardinality_030,combined_attribute_cardinality_030_identity_object_2,object_identity,Does the image contain a clearly identifiable thin rubber band?,pass,pass,,False
repair_human_018_job_0026_gemini_2_5_flash_image_00,repair_job_human_0018_gemini_2_5_flash_image_00,job_0026_gemini_2_5_flash_image_00,combined_attribute_cardinality_030,combined_attribute_cardinality_030_cardinality,cardinality,Does the image contain exactly 4 clearly visible dice?,fail,pass,,True
repair_human_018_job_0026_gemini_2_5_flash_image_00,repair_job_human_0018_gemini_2_5_flash_image_00,job_0026_gemini_2_5_flash_image_00,combined_attribute_cardinality_030,combined_attribute_cardinality_030_attribute_object_1,attribute,Does the image show a matte black die?,pass,pass,,False
repair_human_018_job_0026_gemini_2_5_flash_image_00,repair_job_human_0018_gemini_2_5_flash_image_00,job_0026_gemini_2_5_flash_image_00,combined_attribute_cardinality_030,combined_attribute_cardinality_030_attribute_object_2,attribute,Does the image show a transparent glass thin rubber band?,pass,pass,,False
repair_human_019_job_0028_gemini_2_5_flash_image_00,repair_job_human_0019_gemini_2_5_flash_image_00,job_0028_gemini_2_5_flash_image_00,combined_attribute_cardinality_005,combined_attribute_cardinality_005_identity_object_1,object_identity,Does the image contain a clearly identifiable small paper clip?,fail,pass,,True
repair_human_019_job_0028_gemini_2_5_flash_image_00,repair_job_human_0019_gemini_2_5_flash_image_00,job_0028_gemini_2_5_flash_image_00,combined_attribute_cardinality_005,combined_attribute_cardinality_005_identity_object_2,object_identity,Does the image contain a clearly identifiable sheet of paper?,pass,pass,,False
repair_human_019_job_0028_gemini_2_5_flash_image_00,repair_job_human_0019_gemini_2_5_flash_image_00,job_0028_gemini_2_5_flash_image_00,combined_attribute_cardinality_005,combined_attribute_cardinality_005_cardinality,cardinality,Does the image contain exactly 3 clearly visible small paper clips?,pass,fail,"there are two paper clips, not three.",False
repair_human_019_job_0028_gemini_2_5_flash_image_00,repair_job_human_0019_gemini_2_5_flash_image_00,job_0028_gemini_2_5_flash_image_00,combined_attribute_cardinality_005,combined_attribute_cardinality_005_attribute_object_1,attribute,Does the image show a glossy white small paper clip?,pass,pass,,False
repair_human_019_job_0028_gemini_2_5_flash_image_00,repair_job_human_0019_gemini_2_5_flash_image_00,job_0028_gemini_2_5_flash_image_00,combined_attribute_cardinality_005,combined_attribute_cardinality_005_attribute_object_2,attribute,Does the image show a red-and-white striped sheet of paper?,pass,pass,,False
repair_human_020_job_0029_gpt_image_1_00,repair_job_human_0020_gpt_image_1_00,job_0029_gpt_image_1_00,combined_attribute_cardinality_027,combined_attribute_cardinality_027_identity_object_1,object_identity,Does the image contain a clearly identifiable thin rubber band?,pass,pass,,False
repair_human_020_job_0029_gpt_image_1_00,repair_job_human_0020_gpt_image_1_00,job_0029_gpt_image_1_00,combined_attribute_cardinality_027,combined_attribute_cardinality_027_identity_object_2,object_identity,Does the image contain a clearly identifiable die?,pass,fail,"it's a ball-like object, not a die.",False
repair_human_020_job_0029_gpt_image_1_00,repair_job_human_0020_gpt_image_1_00,job_0029_gpt_image_1_00,combined_attribute_cardinality_027,combined_attribute_cardinality_027_cardinality,cardinality,Does the image contain exactly 6 clearly visible thin rubber bands?,fail,fail,"there are seven rubber bands, not six.",True
repair_human_020_job_0029_gpt_image_1_00,repair_job_human_0020_gpt_image_1_00,job_0029_gpt_image_1_00,combined_attribute_cardinality_027,combined_attribute_cardinality_027_attribute_object_1,attribute,Does the image show a plastic thin rubber band?,pass,pass,,False
repair_human_020_job_0029_gpt_image_1_00,repair_job_human_0020_gpt_image_1_00,job_0029_gpt_image_1_00,combined_attribute_cardinality_027,combined_attribute_cardinality_027_attribute_object_2,attribute,Does the image show a glossy white die?,pass,pass,,False
repair_human_021_job_0030_gemini_2_5_flash_image_00,repair_job_human_0021_gemini_2_5_flash_image_00,job_0030_gemini_2_5_flash_image_00,combined_attribute_cardinality_004,combined_attribute_cardinality_004_identity_object_1,object_identity,Does the image contain a clearly identifiable small paper clip?,ambiguous,fail,"no paper clips.",True
repair_human_021_job_0030_gemini_2_5_flash_image_00,repair_job_human_0021_gemini_2_5_flash_image_00,job_0030_gemini_2_5_flash_image_00,combined_attribute_cardinality_004,combined_attribute_cardinality_004_identity_object_2,object_identity,Does the image contain a clearly identifiable food container?,ambiguous,pass,,True
repair_human_021_job_0030_gemini_2_5_flash_image_00,repair_job_human_0021_gemini_2_5_flash_image_00,job_0030_gemini_2_5_flash_image_00,combined_attribute_cardinality_004,combined_attribute_cardinality_004_cardinality,cardinality,Does the image contain exactly 3 clearly visible small paper clips?,pass,pass,,False
repair_human_021_job_0030_gemini_2_5_flash_image_00,repair_job_human_0021_gemini_2_5_flash_image_00,job_0030_gemini_2_5_flash_image_00,combined_attribute_cardinality_004,combined_attribute_cardinality_004_attribute_object_1,attribute,Does the image show a ceramic small paper clip?,pass,pass,,False
repair_human_021_job_0030_gemini_2_5_flash_image_00,repair_job_human_0021_gemini_2_5_flash_image_00,job_0030_gemini_2_5_flash_image_00,combined_attribute_cardinality_004,combined_attribute_cardinality_004_attribute_object_2,attribute,Does the image show a black-and-white checkered food container?,pass,pass,,False
repair_human_022_job_0031_gpt_image_1_00,repair_job_human_0022_gpt_image_1_00,job_0031_gpt_image_1_00,combined_attribute_cardinality_008,combined_attribute_cardinality_008_identity_object_1,object_identity,Does the image contain a clearly identifiable small flat washer?,pass,pass,,False
repair_human_022_job_0031_gpt_image_1_00,repair_job_human_0022_gpt_image_1_00,job_0031_gpt_image_1_00,combined_attribute_cardinality_008,combined_attribute_cardinality_008_identity_object_2,object_identity,Does the image contain a clearly identifiable cup?,pass,pass,,False
repair_human_022_job_0031_gpt_image_1_00,repair_job_human_0022_gpt_image_1_00,job_0031_gpt_image_1_00,combined_attribute_cardinality_008,combined_attribute_cardinality_008_cardinality,cardinality,Does the image contain exactly 4 clearly visible small flat washers?,fail,pass,,True
repair_human_022_job_0031_gpt_image_1_00,repair_job_human_0022_gpt_image_1_00,job_0031_gpt_image_1_00,combined_attribute_cardinality_008,combined_attribute_cardinality_008_attribute_object_1,attribute,Does the image show a ceramic small flat washer?,pass,pass,,False
repair_human_022_job_0031_gpt_image_1_00,repair_job_human_0022_gpt_image_1_00,job_0031_gpt_image_1_00,combined_attribute_cardinality_008,combined_attribute_cardinality_008_attribute_object_2,attribute,Does the image show a white speckled cup?,pass,pass,,False
repair_human_023_job_0032_gemini_2_5_flash_image_00,repair_job_human_0023_gemini_2_5_flash_image_00,job_0032_gemini_2_5_flash_image_00,combined_attribute_cardinality_035,combined_attribute_cardinality_035_identity_object_1,object_identity,Does the image contain a clearly identifiable small paper clip?,fail,fail,"cannot tell what it is.",True
repair_human_023_job_0032_gemini_2_5_flash_image_00,repair_job_human_0023_gemini_2_5_flash_image_00,job_0032_gemini_2_5_flash_image_00,combined_attribute_cardinality_035,combined_attribute_cardinality_035_identity_object_2,object_identity,Does the image contain a clearly identifiable napkin?,pass,pass,,False
repair_human_023_job_0032_gemini_2_5_flash_image_00,repair_job_human_0023_gemini_2_5_flash_image_00,job_0032_gemini_2_5_flash_image_00,combined_attribute_cardinality_035,combined_attribute_cardinality_035_cardinality,cardinality,Does the image contain exactly 5 clearly visible small paper clips?,pass,pass,,False
repair_human_023_job_0032_gemini_2_5_flash_image_00,repair_job_human_0023_gemini_2_5_flash_image_00,job_0032_gemini_2_5_flash_image_00,combined_attribute_cardinality_035,combined_attribute_cardinality_035_attribute_object_1,attribute,Does the image show a plastic small paper clip?,pass,pass,,False
repair_human_023_job_0032_gemini_2_5_flash_image_00,repair_job_human_0023_gemini_2_5_flash_image_00,job_0032_gemini_2_5_flash_image_00,combined_attribute_cardinality_035,combined_attribute_cardinality_035_attribute_object_2,attribute,Does the image show a yellow-and-green polka-dotted napkin?,pass,pass,,False
repair_human_024_job_0037_gpt_image_1_00,repair_job_human_0024_gpt_image_1_00,job_0037_gpt_image_1_00,combined_spatial_attribute_003,combined_spatial_attribute_003_identity_object_1,object_identity,Does the image contain a clearly identifiable standard safety pin?,pass,pass,,False
repair_human_024_job_0037_gpt_image_1_00,repair_job_human_0024_gpt_image_1_00,job_0037_gpt_image_1_00,combined_spatial_attribute_003,combined_spatial_attribute_003_identity_object_2,object_identity,Does the image contain a clearly identifiable small box?,pass,pass,,False
repair_human_024_job_0037_gpt_image_1_00,repair_job_human_0024_gpt_image_1_00,job_0037_gpt_image_1_00,combined_spatial_attribute_003,combined_spatial_attribute_003_attribute_object_1,attribute,Does the image show a glossy white standard safety pin?,ambiguous,pass,,True
repair_human_024_job_0037_gpt_image_1_00,repair_job_human_0024_gpt_image_1_00,job_0037_gpt_image_1_00,combined_spatial_attribute_003,combined_spatial_attribute_003_attribute_object_2,attribute,Does the image show a transparent glass small box?,pass,pass,,False
repair_human_024_job_0037_gpt_image_1_00,repair_job_human_0024_gpt_image_1_00,job_0037_gpt_image_1_00,combined_spatial_attribute_003,combined_spatial_attribute_003_spatial,spatial_relation,Does the image show a standard safety pin inside a small box?,pass,pass,,False
repair_human_025_job_0038_gemini_2_5_flash_image_00,repair_job_human_0025_gemini_2_5_flash_image_00,job_0038_gemini_2_5_flash_image_00,combined_spatial_attribute_013,combined_spatial_attribute_013_identity_object_1,object_identity,Does the image contain a clearly identifiable thin rubber band?,pass,pass,,False
repair_human_025_job_0038_gemini_2_5_flash_image_00,repair_job_human_0025_gemini_2_5_flash_image_00,job_0038_gemini_2_5_flash_image_00,combined_spatial_attribute_013,combined_spatial_attribute_013_identity_object_2,object_identity,Does the image contain a clearly identifiable cutting board?,ambiguous,pass,,True
repair_human_025_job_0038_gemini_2_5_flash_image_00,repair_job_human_0025_gemini_2_5_flash_image_00,job_0038_gemini_2_5_flash_image_00,combined_spatial_attribute_013,combined_spatial_attribute_013_attribute_object_1,attribute,Does the image show a ceramic thin rubber band?,pass,pass,,False
repair_human_025_job_0038_gemini_2_5_flash_image_00,repair_job_human_0025_gemini_2_5_flash_image_00,job_0038_gemini_2_5_flash_image_00,combined_spatial_attribute_013,combined_spatial_attribute_013_attribute_object_2,attribute,Does the image show a yellow-and-green polka-dotted cutting board?,fail,pass,,True
repair_human_025_job_0038_gemini_2_5_flash_image_00,repair_job_human_0025_gemini_2_5_flash_image_00,job_0038_gemini_2_5_flash_image_00,combined_spatial_attribute_013,combined_spatial_attribute_013_spatial,spatial_relation,Does the image show a thin rubber band on top of a cutting board?,pass,pass,,False
repair_human_026_job_0039_gpt_image_1_00,repair_job_human_0026_gpt_image_1_00,job_0039_gpt_image_1_00,combined_spatial_attribute_017,combined_spatial_attribute_017_identity_object_1,object_identity,Does the image contain a clearly identifiable coin?,ambiguous,ambiguous,"cannot tell if it's coin or something else.",True
repair_human_026_job_0039_gpt_image_1_00,repair_job_human_0026_gpt_image_1_00,job_0039_gpt_image_1_00,combined_spatial_attribute_017,combined_spatial_attribute_017_identity_object_2,object_identity,Does the image contain a clearly identifiable food container?,pass,pass,,False
repair_human_026_job_0039_gpt_image_1_00,repair_job_human_0026_gpt_image_1_00,job_0039_gpt_image_1_00,combined_spatial_attribute_017,combined_spatial_attribute_017_attribute_object_1,attribute,Does the image show a matte black coin?,pass,pass,,False
repair_human_026_job_0039_gpt_image_1_00,repair_job_human_0026_gpt_image_1_00,job_0039_gpt_image_1_00,combined_spatial_attribute_017,combined_spatial_attribute_017_attribute_object_2,attribute,Does the image show a reflective metallic food container?,pass,pass,,False
repair_human_026_job_0039_gpt_image_1_00,repair_job_human_0026_gpt_image_1_00,job_0039_gpt_image_1_00,combined_spatial_attribute_017,combined_spatial_attribute_017_spatial,spatial_relation,Does the image show a coin on top of a food container?,pass,pass,,False
repair_human_027_job_0045_gpt_image_1_00,repair_job_human_0027_gpt_image_1_00,job_0045_gpt_image_1_00,combined_spatial_attribute_035,combined_spatial_attribute_035_identity_object_1,object_identity,Does the image contain a clearly identifiable cutting board?,pass,pass,,False
repair_human_027_job_0045_gpt_image_1_00,repair_job_human_0027_gpt_image_1_00,job_0045_gpt_image_1_00,combined_spatial_attribute_035,combined_spatial_attribute_035_identity_object_2,object_identity,Does the image contain a clearly identifiable small paper clip?,ambiguous,pass,,True
repair_human_027_job_0045_gpt_image_1_00,repair_job_human_0027_gpt_image_1_00,job_0045_gpt_image_1_00,combined_spatial_attribute_035,combined_spatial_attribute_035_attribute_object_1,attribute,Does the image show a red-and-white striped cutting board?,pass,pass,,False
repair_human_027_job_0045_gpt_image_1_00,repair_job_human_0027_gpt_image_1_00,job_0045_gpt_image_1_00,combined_spatial_attribute_035,combined_spatial_attribute_035_attribute_object_2,attribute,Does the image show a ceramic small paper clip?,pass,pass,,False
repair_human_027_job_0045_gpt_image_1_00,repair_job_human_0027_gpt_image_1_00,job_0045_gpt_image_1_00,combined_spatial_attribute_035,combined_spatial_attribute_035_spatial,spatial_relation,Does the image show a cutting board under a small paper clip?,pass,pass,,False
repair_human_028_job_0046_gemini_2_5_flash_image_00,repair_job_human_0028_gemini_2_5_flash_image_00,job_0046_gemini_2_5_flash_image_00,combined_spatial_attribute_029,combined_spatial_attribute_029_identity_object_1,object_identity,Does the image contain a clearly identifiable tray?,fail,pass,,True
repair_human_028_job_0046_gemini_2_5_flash_image_00,repair_job_human_0028_gemini_2_5_flash_image_00,job_0046_gemini_2_5_flash_image_00,combined_spatial_attribute_029,combined_spatial_attribute_029_identity_object_2,object_identity,Does the image contain a clearly identifiable cup?,pass,pass,,False
repair_human_028_job_0046_gemini_2_5_flash_image_00,repair_job_human_0028_gemini_2_5_flash_image_00,job_0046_gemini_2_5_flash_image_00,combined_spatial_attribute_029,combined_spatial_attribute_029_attribute_object_1,attribute,Does the image show a plastic tray?,pass,pass,,False
repair_human_028_job_0046_gemini_2_5_flash_image_00,repair_job_human_0028_gemini_2_5_flash_image_00,job_0046_gemini_2_5_flash_image_00,combined_spatial_attribute_029,combined_spatial_attribute_029_attribute_object_2,attribute,Does the image show a blue-and-white striped cup?,pass,pass,,False
repair_human_028_job_0046_gemini_2_5_flash_image_00,repair_job_human_0028_gemini_2_5_flash_image_00,job_0046_gemini_2_5_flash_image_00,combined_spatial_attribute_029,combined_spatial_attribute_029_spatial,spatial_relation,Does the image show a tray to the right of a cup?,pass,fail,"the tray is under the cup, not to the right.",False
repair_human_029_job_0048_gemini_2_5_flash_image_00,repair_job_human_0029_gemini_2_5_flash_image_00,job_0048_gemini_2_5_flash_image_00,combined_spatial_attribute_033,combined_spatial_attribute_033_identity_object_1,object_identity,Does the image contain a clearly identifiable index card?,pass,pass,,False
repair_human_029_job_0048_gemini_2_5_flash_image_00,repair_job_human_0029_gemini_2_5_flash_image_00,job_0048_gemini_2_5_flash_image_00,combined_spatial_attribute_033,combined_spatial_attribute_033_identity_object_2,object_identity,Does the image contain a clearly identifiable die?,pass,ambiguous,"no black dots on the item, cannot decide if it's a die.",False
repair_human_029_job_0048_gemini_2_5_flash_image_00,repair_job_human_0029_gemini_2_5_flash_image_00,job_0048_gemini_2_5_flash_image_00,combined_spatial_attribute_033,combined_spatial_attribute_033_attribute_object_1,attribute,Does the image show a blue-and-white striped index card?,ambiguous,pass,,True
repair_human_029_job_0048_gemini_2_5_flash_image_00,repair_job_human_0029_gemini_2_5_flash_image_00,job_0048_gemini_2_5_flash_image_00,combined_spatial_attribute_033,combined_spatial_attribute_033_attribute_object_2,attribute,Does the image show a glossy white die?,pass,pass,,False
repair_human_029_job_0048_gemini_2_5_flash_image_00,repair_job_human_0029_gemini_2_5_flash_image_00,job_0048_gemini_2_5_flash_image_00,combined_spatial_attribute_033,combined_spatial_attribute_033_spatial,spatial_relation,Does the image show a index card under a die?,fail,pass,,True
repair_human_030_job_0050_gemini_2_5_flash_image_00,repair_job_human_0030_gemini_2_5_flash_image_00,job_0050_gemini_2_5_flash_image_00,combined_spatial_attribute_002,combined_spatial_attribute_002_identity_object_1,object_identity,Does the image contain a clearly identifiable small paper clip?,fail,pass,,True
repair_human_030_job_0050_gemini_2_5_flash_image_00,repair_job_human_0030_gemini_2_5_flash_image_00,job_0050_gemini_2_5_flash_image_00,combined_spatial_attribute_002,combined_spatial_attribute_002_identity_object_2,object_identity,Does the image contain a clearly identifiable serving bowl?,pass,pass,,False
repair_human_030_job_0050_gemini_2_5_flash_image_00,repair_job_human_0030_gemini_2_5_flash_image_00,job_0050_gemini_2_5_flash_image_00,combined_spatial_attribute_002,combined_spatial_attribute_002_attribute_object_1,attribute,Does the image show a glossy white small paper clip?,pass,pass,,False
repair_human_030_job_0050_gemini_2_5_flash_image_00,repair_job_human_0030_gemini_2_5_flash_image_00,job_0050_gemini_2_5_flash_image_00,combined_spatial_attribute_002,combined_spatial_attribute_002_attribute_object_2,attribute,Does the image show a white speckled serving bowl?,pass,pass,,False
repair_human_030_job_0050_gemini_2_5_flash_image_00,repair_job_human_0030_gemini_2_5_flash_image_00,job_0050_gemini_2_5_flash_image_00,combined_spatial_attribute_002,combined_spatial_attribute_002_spatial,spatial_relation,Does the image show a small paper clip inside a serving bowl?,pass,pass,,False
repair_human_031_job_0051_gpt_image_1_00,repair_job_human_0031_gpt_image_1_00,job_0051_gpt_image_1_00,combined_spatial_attribute_010,combined_spatial_attribute_010_identity_object_1,object_identity,Does the image contain a clearly identifiable food container?,ambiguous,ambiguous,"cannot tell what the container is used for.",True
repair_human_031_job_0051_gpt_image_1_00,repair_job_human_0031_gpt_image_1_00,job_0051_gpt_image_1_00,combined_spatial_attribute_010,combined_spatial_attribute_010_identity_object_2,object_identity,Does the image contain a clearly identifiable plate?,pass,pass,,False
repair_human_031_job_0051_gpt_image_1_00,repair_job_human_0031_gpt_image_1_00,job_0051_gpt_image_1_00,combined_spatial_attribute_010,combined_spatial_attribute_010_attribute_object_1,attribute,Does the image show a yellow-and-green polka-dotted food container?,pass,pass,,False
repair_human_031_job_0051_gpt_image_1_00,repair_job_human_0031_gpt_image_1_00,job_0051_gpt_image_1_00,combined_spatial_attribute_010,combined_spatial_attribute_010_attribute_object_2,attribute,Does the image show a blue-and-white striped plate?,pass,pass,,False
repair_human_031_job_0051_gpt_image_1_00,repair_job_human_0031_gpt_image_1_00,job_0051_gpt_image_1_00,combined_spatial_attribute_010,combined_spatial_attribute_010_spatial,spatial_relation,Does the image show a food container to the left of a plate?,pass,pass,,False
repair_human_032_job_0052_gemini_2_5_flash_image_00,repair_job_human_0032_gemini_2_5_flash_image_00,job_0052_gemini_2_5_flash_image_00,combined_spatial_attribute_008,combined_spatial_attribute_008_identity_object_1,object_identity,Does the image contain a clearly identifiable standard sewing button?,pass,pass,,False
repair_human_032_job_0052_gemini_2_5_flash_image_00,repair_job_human_0032_gemini_2_5_flash_image_00,job_0052_gemini_2_5_flash_image_00,combined_spatial_attribute_008,combined_spatial_attribute_008_identity_object_2,object_identity,Does the image contain a clearly identifiable coin?,fail,fail,"it's not coin.",True
repair_human_032_job_0052_gemini_2_5_flash_image_00,repair_job_human_0032_gemini_2_5_flash_image_00,job_0052_gemini_2_5_flash_image_00,combined_spatial_attribute_008,combined_spatial_attribute_008_attribute_object_1,attribute,Does the image show a matte black standard sewing button?,pass,pass,,False
repair_human_032_job_0052_gemini_2_5_flash_image_00,repair_job_human_0032_gemini_2_5_flash_image_00,job_0052_gemini_2_5_flash_image_00,combined_spatial_attribute_008,combined_spatial_attribute_008_attribute_object_2,attribute,Does the image show a ceramic coin?,pass,pass,,False
repair_human_032_job_0052_gemini_2_5_flash_image_00,repair_job_human_0032_gemini_2_5_flash_image_00,job_0052_gemini_2_5_flash_image_00,combined_spatial_attribute_008,combined_spatial_attribute_008_spatial,spatial_relation,Does the image show a standard sewing button to the left of a coin?,pass,pass,,False
repair_human_033_job_0053_gpt_image_1_00,repair_job_human_0033_gpt_image_1_00,job_0053_gpt_image_1_00,combined_spatial_attribute_031,combined_spatial_attribute_031_identity_object_1,object_identity,Does the image contain a clearly identifiable napkin?,pass,pass,,False
repair_human_033_job_0053_gpt_image_1_00,repair_job_human_0033_gpt_image_1_00,job_0053_gpt_image_1_00,combined_spatial_attribute_031,combined_spatial_attribute_031_identity_object_2,object_identity,Does the image contain a clearly identifiable marble?,fail,pass,,True
repair_human_033_job_0053_gpt_image_1_00,repair_job_human_0033_gpt_image_1_00,job_0053_gpt_image_1_00,combined_spatial_attribute_031,combined_spatial_attribute_031_attribute_object_1,attribute,Does the image show a black-and-white checkered napkin?,pass,pass,,False
repair_human_033_job_0053_gpt_image_1_00,repair_job_human_0033_gpt_image_1_00,job_0053_gpt_image_1_00,combined_spatial_attribute_031,combined_spatial_attribute_031_attribute_object_2,attribute,Does the image show a glossy white marble?,ambiguous,pass,,True
repair_human_033_job_0053_gpt_image_1_00,repair_job_human_0033_gpt_image_1_00,job_0053_gpt_image_1_00,combined_spatial_attribute_031,combined_spatial_attribute_031_spatial,spatial_relation,Does the image show a napkin under a marble?,ambiguous,pass,,True
repair_human_034_job_0054_gemini_2_5_flash_image_00,repair_job_human_0034_gemini_2_5_flash_image_00,job_0054_gemini_2_5_flash_image_00,combined_spatial_attribute_007,combined_spatial_attribute_007_identity_object_1,object_identity,Does the image contain a clearly identifiable small paper clip?,fail,fail,"no paper clip, but binder clip.",True
repair_human_034_job_0054_gemini_2_5_flash_image_00,repair_job_human_0034_gemini_2_5_flash_image_00,job_0054_gemini_2_5_flash_image_00,combined_spatial_attribute_007,combined_spatial_attribute_007_identity_object_2,object_identity,Does the image contain a clearly identifiable serving bowl?,fail,pass,,True
repair_human_034_job_0054_gemini_2_5_flash_image_00,repair_job_human_0034_gemini_2_5_flash_image_00,job_0054_gemini_2_5_flash_image_00,combined_spatial_attribute_007,combined_spatial_attribute_007_attribute_object_1,attribute,Does the image show a glossy white small paper clip?,pass,pass,,False
repair_human_034_job_0054_gemini_2_5_flash_image_00,repair_job_human_0034_gemini_2_5_flash_image_00,job_0054_gemini_2_5_flash_image_00,combined_spatial_attribute_007,combined_spatial_attribute_007_attribute_object_2,attribute,Does the image show a transparent glass serving bowl?,pass,pass,,False
repair_human_034_job_0054_gemini_2_5_flash_image_00,repair_job_human_0034_gemini_2_5_flash_image_00,job_0054_gemini_2_5_flash_image_00,combined_spatial_attribute_007,combined_spatial_attribute_007_spatial,spatial_relation,Does the image show a small paper clip to the left of a serving bowl?,pass,pass,,False
repair_human_035_job_0055_gpt_image_1_00,repair_job_human_0035_gpt_image_1_00,job_0055_gpt_image_1_00,combined_spatial_attribute_025,combined_spatial_attribute_025_identity_object_1,object_identity,Does the image contain a clearly identifiable serving bowl?,pass,pass,,False
repair_human_035_job_0055_gpt_image_1_00,repair_job_human_0035_gpt_image_1_00,job_0055_gpt_image_1_00,combined_spatial_attribute_025,combined_spatial_attribute_025_identity_object_2,object_identity,Does the image contain a clearly identifiable tray?,pass,pass,,False
repair_human_035_job_0055_gpt_image_1_00,repair_job_human_0035_gpt_image_1_00,job_0055_gpt_image_1_00,combined_spatial_attribute_025,combined_spatial_attribute_025_attribute_object_1,attribute,Does the image show a matte black serving bowl?,pass,pass,,False
repair_human_035_job_0055_gpt_image_1_00,repair_job_human_0035_gpt_image_1_00,job_0055_gpt_image_1_00,combined_spatial_attribute_025,combined_spatial_attribute_025_attribute_object_2,attribute,Does the image show a white speckled tray?,pass,pass,,False
repair_human_035_job_0055_gpt_image_1_00,repair_job_human_0035_gpt_image_1_00,job_0055_gpt_image_1_00,combined_spatial_attribute_025,combined_spatial_attribute_025_spatial,spatial_relation,Does the image show a serving bowl to the right of a tray?,fail,pass,,True
repair_human_036_job_0059_gpt_image_1_00,repair_job_human_0036_gpt_image_1_00,job_0059_gpt_image_1_00,combined_spatial_attribute_023,combined_spatial_attribute_023_identity_object_1,object_identity,Does the image contain a clearly identifiable bottle cap?,ambiguous,pass,,True
repair_human_036_job_0059_gpt_image_1_00,repair_job_human_0036_gpt_image_1_00,job_0059_gpt_image_1_00,combined_spatial_attribute_023,combined_spatial_attribute_023_identity_object_2,object_identity,Does the image contain a clearly identifiable tray?,pass,pass,,False
repair_human_036_job_0059_gpt_image_1_00,repair_job_human_0036_gpt_image_1_00,job_0059_gpt_image_1_00,combined_spatial_attribute_023,combined_spatial_attribute_023_attribute_object_1,attribute,Does the image show a ceramic bottle cap?,pass,pass,,False
repair_human_036_job_0059_gpt_image_1_00,repair_job_human_0036_gpt_image_1_00,job_0059_gpt_image_1_00,combined_spatial_attribute_023,combined_spatial_attribute_023_attribute_object_2,attribute,Does the image show a plastic tray?,pass,pass,,False
repair_human_036_job_0059_gpt_image_1_00,repair_job_human_0036_gpt_image_1_00,job_0059_gpt_image_1_00,combined_spatial_attribute_023,combined_spatial_attribute_023_spatial,spatial_relation,Does the image show a bottle cap outside a tray?,pass,pass,,False
repair_human_037_job_0064_gemini_2_5_flash_image_00,repair_job_human_0037_gemini_2_5_flash_image_00,job_0064_gemini_2_5_flash_image_00,combined_spatial_attribute_015,combined_spatial_attribute_015_identity_object_1,object_identity,Does the image contain a clearly identifiable coin?,fail,pass,,True
repair_human_037_job_0064_gemini_2_5_flash_image_00,repair_job_human_0037_gemini_2_5_flash_image_00,job_0064_gemini_2_5_flash_image_00,combined_spatial_attribute_015,combined_spatial_attribute_015_identity_object_2,object_identity,Does the image contain a clearly identifiable tray?,pass,pass,,False
repair_human_037_job_0064_gemini_2_5_flash_image_00,repair_job_human_0037_gemini_2_5_flash_image_00,job_0064_gemini_2_5_flash_image_00,combined_spatial_attribute_015,combined_spatial_attribute_015_attribute_object_1,attribute,Does the image show a transparent glass coin?,pass,pass,,False
repair_human_037_job_0064_gemini_2_5_flash_image_00,repair_job_human_0037_gemini_2_5_flash_image_00,job_0064_gemini_2_5_flash_image_00,combined_spatial_attribute_015,combined_spatial_attribute_015_attribute_object_2,attribute,Does the image show a matte black tray?,pass,pass,,False
repair_human_037_job_0064_gemini_2_5_flash_image_00,repair_job_human_0037_gemini_2_5_flash_image_00,job_0064_gemini_2_5_flash_image_00,combined_spatial_attribute_015,combined_spatial_attribute_015_spatial,spatial_relation,Does the image show a coin on top of a tray?,pass,pass,,False
repair_human_038_job_0065_gpt_image_1_00,repair_job_human_0038_gpt_image_1_00,job_0065_gpt_image_1_00,combined_spatial_attribute_020,combined_spatial_attribute_020_identity_object_1,object_identity,Does the image contain a clearly identifiable thin rubber band?,pass,pass,,False
repair_human_038_job_0065_gpt_image_1_00,repair_job_human_0038_gpt_image_1_00,job_0065_gpt_image_1_00,combined_spatial_attribute_020,combined_spatial_attribute_020_identity_object_2,object_identity,Does the image contain a clearly identifiable tray?,pass,fail,"it's food container, not tray.",False
repair_human_038_job_0065_gpt_image_1_00,repair_job_human_0038_gpt_image_1_00,job_0065_gpt_image_1_00,combined_spatial_attribute_020,combined_spatial_attribute_020_attribute_object_1,attribute,Does the image show a reflective metallic thin rubber band?,fail,pass,,True
repair_human_038_job_0065_gpt_image_1_00,repair_job_human_0038_gpt_image_1_00,job_0065_gpt_image_1_00,combined_spatial_attribute_020,combined_spatial_attribute_020_attribute_object_2,attribute,Does the image show a plastic tray?,pass,pass,,False
repair_human_038_job_0065_gpt_image_1_00,repair_job_human_0038_gpt_image_1_00,job_0065_gpt_image_1_00,combined_spatial_attribute_020,combined_spatial_attribute_020_spatial,spatial_relation,Does the image show a thin rubber band outside a tray?,pass,pass,,False
repair_human_039_job_0069_gpt_image_1_00,repair_job_human_0039_gpt_image_1_00,job_0069_gpt_image_1_00,combined_spatial_attribute_032,combined_spatial_attribute_032_identity_object_1,object_identity,Does the image contain a clearly identifiable cutting board?,ambiguous,ambiguous,"don't know what it is.",True
repair_human_039_job_0069_gpt_image_1_00,repair_job_human_0039_gpt_image_1_00,job_0069_gpt_image_1_00,combined_spatial_attribute_032,combined_spatial_attribute_032_identity_object_2,object_identity,Does the image contain a clearly identifiable coin?,pass,pass,,False
repair_human_039_job_0069_gpt_image_1_00,repair_job_human_0039_gpt_image_1_00,job_0069_gpt_image_1_00,combined_spatial_attribute_032,combined_spatial_attribute_032_attribute_object_1,attribute,Does the image show a blue-and-white striped cutting board?,pass,pass,,False
repair_human_039_job_0069_gpt_image_1_00,repair_job_human_0039_gpt_image_1_00,job_0069_gpt_image_1_00,combined_spatial_attribute_032,combined_spatial_attribute_032_attribute_object_2,attribute,Does the image show a ceramic coin?,pass,pass,,False
repair_human_039_job_0069_gpt_image_1_00,repair_job_human_0039_gpt_image_1_00,job_0069_gpt_image_1_00,combined_spatial_attribute_032,combined_spatial_attribute_032_spatial,spatial_relation,Does the image show a cutting board under a coin?,pass,pass,,False
repair_human_040_job_0072_gemini_2_5_flash_image_00,repair_job_human_0040_gemini_2_5_flash_image_00,job_0072_gemini_2_5_flash_image_00,combined_spatial_attribute_034,combined_spatial_attribute_034_identity_object_1,object_identity,Does the image contain a clearly identifiable index card?,pass,pass,,False
repair_human_040_job_0072_gemini_2_5_flash_image_00,repair_job_human_0040_gemini_2_5_flash_image_00,job_0072_gemini_2_5_flash_image_00,combined_spatial_attribute_034,combined_spatial_attribute_034_identity_object_2,object_identity,Does the image contain a clearly identifiable bottle cap?,ambiguous,fail,"no bottle cap here.",True
repair_human_040_job_0072_gemini_2_5_flash_image_00,repair_job_human_0040_gemini_2_5_flash_image_00,job_0072_gemini_2_5_flash_image_00,combined_spatial_attribute_034,combined_spatial_attribute_034_attribute_object_1,attribute,Does the image show a multicolored index card?,pass,pass,,False
repair_human_040_job_0072_gemini_2_5_flash_image_00,repair_job_human_0040_gemini_2_5_flash_image_00,job_0072_gemini_2_5_flash_image_00,combined_spatial_attribute_034,combined_spatial_attribute_034_attribute_object_2,attribute,Does the image show a transparent glass bottle cap?,pass,pass,,False
repair_human_040_job_0072_gemini_2_5_flash_image_00,repair_job_human_0040_gemini_2_5_flash_image_00,job_0072_gemini_2_5_flash_image_00,combined_spatial_attribute_034,combined_spatial_attribute_034_spatial,spatial_relation,Does the image show a index card under a bottle cap?,fail,fail,"the index card is behind the bottle cap, not under it.",True
repair_human_041_job_0074_gemini_2_5_flash_image_00,repair_job_human_0041_gemini_2_5_flash_image_00,job_0074_gemini_2_5_flash_image_00,combined_spatial_cardinality_028,combined_spatial_cardinality_028_identity_object_1,object_identity,Does the image contain a clearly identifiable bottle cap?,pass,pass,,False
repair_human_041_job_0074_gemini_2_5_flash_image_00,repair_job_human_0041_gemini_2_5_flash_image_00,job_0074_gemini_2_5_flash_image_00,combined_spatial_cardinality_028,combined_spatial_cardinality_028_identity_object_2,object_identity,Does the image contain a clearly identifiable tray?,pass,pass,,False
repair_human_041_job_0074_gemini_2_5_flash_image_00,repair_job_human_0041_gemini_2_5_flash_image_00,job_0074_gemini_2_5_flash_image_00,combined_spatial_cardinality_028,combined_spatial_cardinality_028_cardinality,cardinality,Does the image contain exactly 4 clearly visible bottle caps?,fail,pass,,True
repair_human_041_job_0074_gemini_2_5_flash_image_00,repair_job_human_0041_gemini_2_5_flash_image_00,job_0074_gemini_2_5_flash_image_00,combined_spatial_cardinality_028,combined_spatial_cardinality_028_spatial,spatial_relation,Does the image show a bottle cap outside a tray?,pass,pass,,False
repair_human_042_job_0076_gemini_2_5_flash_image_00,repair_job_human_0042_gemini_2_5_flash_image_00,job_0076_gemini_2_5_flash_image_00,combined_spatial_cardinality_001,combined_spatial_cardinality_001_identity_object_1,object_identity,Does the image contain a clearly identifiable die?,pass,pass,,False
repair_human_042_job_0076_gemini_2_5_flash_image_00,repair_job_human_0042_gemini_2_5_flash_image_00,job_0076_gemini_2_5_flash_image_00,combined_spatial_cardinality_001,combined_spatial_cardinality_001_identity_object_2,object_identity,Does the image contain a clearly identifiable cup?,pass,pass,,False
repair_human_042_job_0076_gemini_2_5_flash_image_00,repair_job_human_0042_gemini_2_5_flash_image_00,job_0076_gemini_2_5_flash_image_00,combined_spatial_cardinality_001,combined_spatial_cardinality_001_cardinality,cardinality,Does the image contain exactly 4 clearly visible dice?,fail,pass,,True
repair_human_042_job_0076_gemini_2_5_flash_image_00,repair_job_human_0042_gemini_2_5_flash_image_00,job_0076_gemini_2_5_flash_image_00,combined_spatial_cardinality_001,combined_spatial_cardinality_001_spatial,spatial_relation,Does the image show a die inside a cup?,pass,pass,,False
repair_human_043_job_0078_gemini_2_5_flash_image_00,repair_job_human_0043_gemini_2_5_flash_image_00,job_0078_gemini_2_5_flash_image_00,combined_spatial_cardinality_026,combined_spatial_cardinality_026_identity_object_1,object_identity,Does the image contain a clearly identifiable standard safety pin?,pass,pass,,False
repair_human_043_job_0078_gemini_2_5_flash_image_00,repair_job_human_0043_gemini_2_5_flash_image_00,job_0078_gemini_2_5_flash_image_00,combined_spatial_cardinality_026,combined_spatial_cardinality_026_identity_object_2,object_identity,Does the image contain a clearly identifiable food container?,pass,pass,,False
repair_human_043_job_0078_gemini_2_5_flash_image_00,repair_job_human_0043_gemini_2_5_flash_image_00,job_0078_gemini_2_5_flash_image_00,combined_spatial_cardinality_026,combined_spatial_cardinality_026_cardinality,cardinality,Does the image contain exactly 4 clearly visible standard safety pins?,fail,fail,"there are five safety pins, not four.",True
repair_human_043_job_0078_gemini_2_5_flash_image_00,repair_job_human_0043_gemini_2_5_flash_image_00,job_0078_gemini_2_5_flash_image_00,combined_spatial_cardinality_026,combined_spatial_cardinality_026_spatial,spatial_relation,Does the image show a standard safety pin outside a food container?,pass,pass,,False
repair_human_044_job_0080_gemini_2_5_flash_image_00,repair_job_human_0044_gemini_2_5_flash_image_00,job_0080_gemini_2_5_flash_image_00,combined_spatial_cardinality_023,combined_spatial_cardinality_023_identity_object_1,object_identity,Does the image contain a clearly identifiable standard sewing button?,pass,pass,,False
repair_human_044_job_0080_gemini_2_5_flash_image_00,repair_job_human_0044_gemini_2_5_flash_image_00,job_0080_gemini_2_5_flash_image_00,combined_spatial_cardinality_023,combined_spatial_cardinality_023_identity_object_2,object_identity,Does the image contain a clearly identifiable tray?,fail,ambiguous,"cannot tell what the round object is.",True
repair_human_044_job_0080_gemini_2_5_flash_image_00,repair_job_human_0044_gemini_2_5_flash_image_00,job_0080_gemini_2_5_flash_image_00,combined_spatial_cardinality_023,combined_spatial_cardinality_023_cardinality,cardinality,Does the image contain exactly 3 clearly visible standard sewing buttons?,fail,fail,"there are plenty of buttons.",True
repair_human_044_job_0080_gemini_2_5_flash_image_00,repair_job_human_0044_gemini_2_5_flash_image_00,job_0080_gemini_2_5_flash_image_00,combined_spatial_cardinality_023,combined_spatial_cardinality_023_spatial,spatial_relation,Does the image show a standard sewing button outside a tray?,ambiguous,fail,"a large number of bottoms are inside the tray-like object.",True
repair_human_045_job_0082_gemini_2_5_flash_image_00,repair_job_human_0045_gemini_2_5_flash_image_00,job_0082_gemini_2_5_flash_image_00,combined_spatial_cardinality_034,combined_spatial_cardinality_034_identity_object_1,object_identity,Does the image contain a clearly identifiable standard safety pin?,pass,pass,,False
repair_human_045_job_0082_gemini_2_5_flash_image_00,repair_job_human_0045_gemini_2_5_flash_image_00,job_0082_gemini_2_5_flash_image_00,combined_spatial_cardinality_034,combined_spatial_cardinality_034_identity_object_2,object_identity,Does the image contain a clearly identifiable plate?,pass,pass,,False
repair_human_045_job_0082_gemini_2_5_flash_image_00,repair_job_human_0045_gemini_2_5_flash_image_00,job_0082_gemini_2_5_flash_image_00,combined_spatial_cardinality_034,combined_spatial_cardinality_034_cardinality,cardinality,Does the image contain exactly 6 clearly visible standard safety pins?,fail,fail,"there are seven safety pins, not six.",True
repair_human_045_job_0082_gemini_2_5_flash_image_00,repair_job_human_0045_gemini_2_5_flash_image_00,job_0082_gemini_2_5_flash_image_00,combined_spatial_cardinality_034,combined_spatial_cardinality_034_spatial,spatial_relation,Does the image show a standard safety pin to the right of a plate?,fail,pass,,True
repair_human_046_job_0083_gpt_image_1_00,repair_job_human_0046_gpt_image_1_00,job_0083_gpt_image_1_00,combined_spatial_cardinality_008,combined_spatial_cardinality_008_identity_object_1,object_identity,Does the image contain a clearly identifiable marble?,pass,pass,,False
repair_human_046_job_0083_gpt_image_1_00,repair_job_human_0046_gpt_image_1_00,job_0083_gpt_image_1_00,combined_spatial_cardinality_008,combined_spatial_cardinality_008_identity_object_2,object_identity,Does the image contain a clearly identifiable serving bowl?,pass,pass,,False
repair_human_046_job_0083_gpt_image_1_00,repair_job_human_0046_gpt_image_1_00,job_0083_gpt_image_1_00,combined_spatial_cardinality_008,combined_spatial_cardinality_008_cardinality,cardinality,Does the image contain exactly 4 clearly visible marbles?,fail,pass,,True
repair_human_046_job_0083_gpt_image_1_00,repair_job_human_0046_gpt_image_1_00,job_0083_gpt_image_1_00,combined_spatial_cardinality_008,combined_spatial_cardinality_008_spatial,spatial_relation,Does the image show a marble to the left of a serving bowl?,fail,fail,"they are in front of the bowl, not to the left.",True
repair_human_047_job_0084_gemini_2_5_flash_image_00,repair_job_human_0047_gemini_2_5_flash_image_00,job_0084_gemini_2_5_flash_image_00,combined_spatial_cardinality_011,combined_spatial_cardinality_011_identity_object_1,object_identity,Does the image contain a clearly identifiable standard safety pin?,pass,pass,,False
repair_human_047_job_0084_gemini_2_5_flash_image_00,repair_job_human_0047_gemini_2_5_flash_image_00,job_0084_gemini_2_5_flash_image_00,combined_spatial_cardinality_011,combined_spatial_cardinality_011_identity_object_2,object_identity,Does the image contain a clearly identifiable napkin?,pass,pass,,False
repair_human_047_job_0084_gemini_2_5_flash_image_00,repair_job_human_0047_gemini_2_5_flash_image_00,job_0084_gemini_2_5_flash_image_00,combined_spatial_cardinality_011,combined_spatial_cardinality_011_cardinality,cardinality,Does the image contain exactly 5 clearly visible standard safety pins?,pass,fail,"there are six safety pins, not five.",False
repair_human_047_job_0084_gemini_2_5_flash_image_00,repair_job_human_0047_gemini_2_5_flash_image_00,job_0084_gemini_2_5_flash_image_00,combined_spatial_cardinality_011,combined_spatial_cardinality_011_spatial,spatial_relation,Does the image show a standard safety pin to the left of a napkin?,fail,pass,,True
repair_human_048_job_0086_gemini_2_5_flash_image_00,repair_job_human_0048_gemini_2_5_flash_image_00,job_0086_gemini_2_5_flash_image_00,combined_spatial_cardinality_030,combined_spatial_cardinality_030_identity_object_1,object_identity,Does the image contain a clearly identifiable small paper clip?,pass,pass,,False
repair_human_048_job_0086_gemini_2_5_flash_image_00,repair_job_human_0048_gemini_2_5_flash_image_00,job_0086_gemini_2_5_flash_image_00,combined_spatial_cardinality_030,combined_spatial_cardinality_030_identity_object_2,object_identity,Does the image contain a clearly identifiable marble?,pass,pass,,False
repair_human_048_job_0086_gemini_2_5_flash_image_00,repair_job_human_0048_gemini_2_5_flash_image_00,job_0086_gemini_2_5_flash_image_00,combined_spatial_cardinality_030,combined_spatial_cardinality_030_cardinality,cardinality,Does the image contain exactly 3 clearly visible small paper clips?,fail,pass,,True
repair_human_048_job_0086_gemini_2_5_flash_image_00,repair_job_human_0048_gemini_2_5_flash_image_00,job_0086_gemini_2_5_flash_image_00,combined_spatial_cardinality_030,combined_spatial_cardinality_030_spatial,spatial_relation,Does the image show a small paper clip to the right of a marble?,pass,fail,"the paper clip is to the left of the marble, not to the right.",False
repair_human_049_job_0087_gpt_image_1_00,repair_job_human_0049_gpt_image_1_00,job_0087_gpt_image_1_00,combined_spatial_cardinality_024,combined_spatial_cardinality_024_identity_object_1,object_identity,Does the image contain a clearly identifiable thumbtack?,pass,pass,,False
repair_human_049_job_0087_gpt_image_1_00,repair_job_human_0049_gpt_image_1_00,job_0087_gpt_image_1_00,combined_spatial_cardinality_024,combined_spatial_cardinality_024_identity_object_2,object_identity,Does the image contain a clearly identifiable food container?,pass,pass,,False
repair_human_049_job_0087_gpt_image_1_00,repair_job_human_0049_gpt_image_1_00,job_0087_gpt_image_1_00,combined_spatial_cardinality_024,combined_spatial_cardinality_024_cardinality,cardinality,Does the image contain exactly 3 clearly visible thumbtacks?,fail,pass,,True
repair_human_049_job_0087_gpt_image_1_00,repair_job_human_0049_gpt_image_1_00,job_0087_gpt_image_1_00,combined_spatial_cardinality_024,combined_spatial_cardinality_024_spatial,spatial_relation,Does the image show a thumbtack outside a food container?,pass,pass,,False
repair_human_050_job_0089_gpt_image_1_00,repair_job_human_0050_gpt_image_1_00,job_0089_gpt_image_1_00,combined_spatial_cardinality_005,combined_spatial_cardinality_005_identity_object_1,object_identity,Does the image contain a clearly identifiable thin rubber band?,pass,pass,,False
repair_human_050_job_0089_gpt_image_1_00,repair_job_human_0050_gpt_image_1_00,job_0089_gpt_image_1_00,combined_spatial_cardinality_005,combined_spatial_cardinality_005_identity_object_2,object_identity,Does the image contain a clearly identifiable cup?,pass,pass,,False
repair_human_050_job_0089_gpt_image_1_00,repair_job_human_0050_gpt_image_1_00,job_0089_gpt_image_1_00,combined_spatial_cardinality_005,combined_spatial_cardinality_005_cardinality,cardinality,Does the image contain exactly 5 clearly visible thin rubber bands?,ambiguous,fail,"there are four rubber bands, not five.",True
repair_human_050_job_0089_gpt_image_1_00,repair_job_human_0050_gpt_image_1_00,job_0089_gpt_image_1_00,combined_spatial_cardinality_005,combined_spatial_cardinality_005_spatial,spatial_relation,Does the image show a thin rubber band inside a cup?,pass,pass,,False
repair_human_051_job_0090_gemini_2_5_flash_image_00,repair_job_human_0051_gemini_2_5_flash_image_00,job_0090_gemini_2_5_flash_image_00,combined_spatial_cardinality_022,combined_spatial_cardinality_022_identity_object_1,object_identity,Does the image contain a clearly identifiable thin rubber band?,pass,pass,,False
repair_human_051_job_0090_gemini_2_5_flash_image_00,repair_job_human_0051_gemini_2_5_flash_image_00,job_0090_gemini_2_5_flash_image_00,combined_spatial_cardinality_022,combined_spatial_cardinality_022_identity_object_2,object_identity,Does the image contain a clearly identifiable cutting board?,pass,pass,,False
repair_human_051_job_0090_gemini_2_5_flash_image_00,repair_job_human_0051_gemini_2_5_flash_image_00,job_0090_gemini_2_5_flash_image_00,combined_spatial_cardinality_022,combined_spatial_cardinality_022_cardinality,cardinality,Does the image contain exactly 6 clearly visible thin rubber bands?,fail,fail,"there are eight rubber bands, not six.",True
repair_human_051_job_0090_gemini_2_5_flash_image_00,repair_job_human_0051_gemini_2_5_flash_image_00,job_0090_gemini_2_5_flash_image_00,combined_spatial_cardinality_022,combined_spatial_cardinality_022_spatial,spatial_relation,Does the image show a thin rubber band on top of a cutting board?,pass,pass,,False
repair_human_052_job_0092_gemini_2_5_flash_image_00,repair_job_human_0052_gemini_2_5_flash_image_00,job_0092_gemini_2_5_flash_image_00,combined_spatial_cardinality_027,combined_spatial_cardinality_027_identity_object_1,object_identity,Does the image contain a clearly identifiable thumbtack?,ambiguous,pass,,True
repair_human_052_job_0092_gemini_2_5_flash_image_00,repair_job_human_0052_gemini_2_5_flash_image_00,job_0092_gemini_2_5_flash_image_00,combined_spatial_cardinality_027,combined_spatial_cardinality_027_identity_object_2,object_identity,Does the image contain a clearly identifiable food container?,pass,pass,,False
repair_human_052_job_0092_gemini_2_5_flash_image_00,repair_job_human_0052_gemini_2_5_flash_image_00,job_0092_gemini_2_5_flash_image_00,combined_spatial_cardinality_027,combined_spatial_cardinality_027_cardinality,cardinality,Does the image contain exactly 4 clearly visible thumbtacks?,pass,fail,"there are three thumbtacks, not four.",False
repair_human_052_job_0092_gemini_2_5_flash_image_00,repair_job_human_0052_gemini_2_5_flash_image_00,job_0092_gemini_2_5_flash_image_00,combined_spatial_cardinality_027,combined_spatial_cardinality_027_spatial,spatial_relation,Does the image show a thumbtack outside a food container?,pass,pass,,False
repair_human_053_job_0093_gpt_image_1_00,repair_job_human_0053_gpt_image_1_00,job_0093_gpt_image_1_00,combined_spatial_cardinality_018,combined_spatial_cardinality_018_identity_object_1,object_identity,Does the image contain a clearly identifiable coin?,pass,pass,,False
repair_human_053_job_0093_gpt_image_1_00,repair_job_human_0053_gpt_image_1_00,job_0093_gpt_image_1_00,combined_spatial_cardinality_018,combined_spatial_cardinality_018_identity_object_2,object_identity,Does the image contain a clearly identifiable notebook?,pass,pass,,False
repair_human_053_job_0093_gpt_image_1_00,repair_job_human_0053_gpt_image_1_00,job_0093_gpt_image_1_00,combined_spatial_cardinality_018,combined_spatial_cardinality_018_cardinality,cardinality,Does the image contain exactly 5 clearly visible coins?,fail,fail,"there are six coins, not five.",True
repair_human_053_job_0093_gpt_image_1_00,repair_job_human_0053_gpt_image_1_00,job_0093_gpt_image_1_00,combined_spatial_cardinality_018,combined_spatial_cardinality_018_spatial,spatial_relation,Does the image show a coin on top of a notebook?,pass,pass,,False
repair_human_054_job_0095_gpt_image_1_00,repair_job_human_0054_gpt_image_1_00,job_0095_gpt_image_1_00,combined_spatial_cardinality_020,combined_spatial_cardinality_020_identity_object_1,object_identity,Does the image contain a clearly identifiable marble?,pass,pass,,False
repair_human_054_job_0095_gpt_image_1_00,repair_job_human_0054_gpt_image_1_00,job_0095_gpt_image_1_00,combined_spatial_cardinality_020,combined_spatial_cardinality_020_identity_object_2,object_identity,Does the image contain a clearly identifiable food container?,pass,pass,,False
repair_human_054_job_0095_gpt_image_1_00,repair_job_human_0054_gpt_image_1_00,job_0095_gpt_image_1_00,combined_spatial_cardinality_020,combined_spatial_cardinality_020_cardinality,cardinality,Does the image contain exactly 6 clearly visible marbles?,fail,pass,,True
repair_human_054_job_0095_gpt_image_1_00,repair_job_human_0054_gpt_image_1_00,job_0095_gpt_image_1_00,combined_spatial_cardinality_020,combined_spatial_cardinality_020_spatial,spatial_relation,Does the image show a marble on top of a food container?,pass,pass,,False
repair_human_055_job_0096_gemini_2_5_flash_image_00,repair_job_human_0055_gemini_2_5_flash_image_00,job_0096_gemini_2_5_flash_image_00,combined_spatial_cardinality_003,combined_spatial_cardinality_003_identity_object_1,object_identity,Does the image contain a clearly identifiable small paper clip?,pass,pass,,False
repair_human_055_job_0096_gemini_2_5_flash_image_00,repair_job_human_0055_gemini_2_5_flash_image_00,job_0096_gemini_2_5_flash_image_00,combined_spatial_cardinality_003,combined_spatial_cardinality_003_identity_object_2,object_identity,Does the image contain a clearly identifiable small box?,pass,pass,,False
repair_human_055_job_0096_gemini_2_5_flash_image_00,repair_job_human_0055_gemini_2_5_flash_image_00,job_0096_gemini_2_5_flash_image_00,combined_spatial_cardinality_003,combined_spatial_cardinality_003_cardinality,cardinality,Does the image contain exactly 4 clearly visible small paper clips?,ambiguous,pass,,True
repair_human_055_job_0096_gemini_2_5_flash_image_00,repair_job_human_0055_gemini_2_5_flash_image_00,job_0096_gemini_2_5_flash_image_00,combined_spatial_cardinality_003,combined_spatial_cardinality_003_spatial,spatial_relation,Does the image show a small paper clip inside a small box?,pass,pass,,False
repair_human_056_job_0101_gpt_image_1_00,repair_job_human_0056_gpt_image_1_00,job_0101_gpt_image_1_00,combined_spatial_cardinality_010,combined_spatial_cardinality_010_identity_object_1,object_identity,Does the image contain a clearly identifiable small paper clip?,pass,pass,,False
repair_human_056_job_0101_gpt_image_1_00,repair_job_human_0056_gpt_image_1_00,job_0101_gpt_image_1_00,combined_spatial_cardinality_010,combined_spatial_cardinality_010_identity_object_2,object_identity,Does the image contain a clearly identifiable tray?,ambiguous,pass,,True
repair_human_056_job_0101_gpt_image_1_00,repair_job_human_0056_gpt_image_1_00,job_0101_gpt_image_1_00,combined_spatial_cardinality_010,combined_spatial_cardinality_010_cardinality,cardinality,Does the image contain exactly 5 clearly visible small paper clips?,pass,pass,,False
repair_human_056_job_0101_gpt_image_1_00,repair_job_human_0056_gpt_image_1_00,job_0101_gpt_image_1_00,combined_spatial_cardinality_010,combined_spatial_cardinality_010_spatial,spatial_relation,Does the image show a small paper clip to the left of a tray?,pass,pass,,False
repair_human_057_job_0102_gemini_2_5_flash_image_00,repair_job_human_0057_gemini_2_5_flash_image_00,job_0102_gemini_2_5_flash_image_00,combined_spatial_cardinality_009,combined_spatial_cardinality_009_identity_object_1,object_identity,Does the image contain a clearly identifiable thumbtack?,pass,pass,,False
repair_human_057_job_0102_gemini_2_5_flash_image_00,repair_job_human_0057_gemini_2_5_flash_image_00,job_0102_gemini_2_5_flash_image_00,combined_spatial_cardinality_009,combined_spatial_cardinality_009_identity_object_2,object_identity,Does the image contain a clearly identifiable plate?,pass,pass,,False
repair_human_057_job_0102_gemini_2_5_flash_image_00,repair_job_human_0057_gemini_2_5_flash_image_00,job_0102_gemini_2_5_flash_image_00,combined_spatial_cardinality_009,combined_spatial_cardinality_009_cardinality,cardinality,Does the image contain exactly 4 clearly visible thumbtacks?,fail,ambiguous,"not so clearly seperated, cannot count exactly.",True
repair_human_057_job_0102_gemini_2_5_flash_image_00,repair_job_human_0057_gemini_2_5_flash_image_00,job_0102_gemini_2_5_flash_image_00,combined_spatial_cardinality_009,combined_spatial_cardinality_009_spatial,spatial_relation,Does the image show a thumbtack to the left of a plate?,fail,pass,,True
repair_human_058_job_0105_gpt_image_1_00,repair_job_human_0058_gpt_image_1_00,job_0105_gpt_image_1_00,combined_spatial_cardinality_006,combined_spatial_cardinality_006_identity_object_1,object_identity,Does the image contain a clearly identifiable thumbtack?,ambiguous,pass,,True
repair_human_058_job_0105_gpt_image_1_00,repair_job_human_0058_gpt_image_1_00,job_0105_gpt_image_1_00,combined_spatial_cardinality_006,combined_spatial_cardinality_006_identity_object_2,object_identity,Does the image contain a clearly identifiable food container?,pass,pass,,False
repair_human_058_job_0105_gpt_image_1_00,repair_job_human_0058_gpt_image_1_00,job_0105_gpt_image_1_00,combined_spatial_cardinality_006,combined_spatial_cardinality_006_cardinality,cardinality,Does the image contain exactly 5 clearly visible thumbtacks?,pass,pass,,False
repair_human_058_job_0105_gpt_image_1_00,repair_job_human_0058_gpt_image_1_00,job_0105_gpt_image_1_00,combined_spatial_cardinality_006,combined_spatial_cardinality_006_spatial,spatial_relation,Does the image show a thumbtack inside a food container?,pass,pass,,False
repair_human_059_job_0106_gemini_2_5_flash_image_00,repair_job_human_0059_gemini_2_5_flash_image_00,job_0106_gemini_2_5_flash_image_00,combined_spatial_cardinality_002,combined_spatial_cardinality_002_identity_object_1,object_identity,Does the image contain a clearly identifiable die?,pass,pass,,False
repair_human_059_job_0106_gemini_2_5_flash_image_00,repair_job_human_0059_gemini_2_5_flash_image_00,job_0106_gemini_2_5_flash_image_00,combined_spatial_cardinality_002,combined_spatial_cardinality_002_identity_object_2,object_identity,Does the image contain a clearly identifiable tray?,fail,pass,,True
repair_human_059_job_0106_gemini_2_5_flash_image_00,repair_job_human_0059_gemini_2_5_flash_image_00,job_0106_gemini_2_5_flash_image_00,combined_spatial_cardinality_002,combined_spatial_cardinality_002_cardinality,cardinality,Does the image contain exactly 4 clearly visible dice?,pass,pass,,False
repair_human_059_job_0106_gemini_2_5_flash_image_00,repair_job_human_0059_gemini_2_5_flash_image_00,job_0106_gemini_2_5_flash_image_00,combined_spatial_cardinality_002,combined_spatial_cardinality_002_spatial,spatial_relation,Does the image show a die inside a tray?,pass,pass,,False
repair_human_060_job_0110_gemini_2_5_flash_image_00,repair_job_human_0060_gemini_2_5_flash_image_00,job_0110_gemini_2_5_flash_image_00,single_attribute_020,single_attribute_020_identity_object_1,object_identity,Does the image contain a clearly identifiable cutting board?,ambiguous,pass,,True
repair_human_060_job_0110_gemini_2_5_flash_image_00,repair_job_human_0060_gemini_2_5_flash_image_00,job_0110_gemini_2_5_flash_image_00,single_attribute_020,single_attribute_020_identity_object_2,object_identity,Does the image contain a clearly identifiable thumbtack?,pass,pass,,False
repair_human_060_job_0110_gemini_2_5_flash_image_00,repair_job_human_0060_gemini_2_5_flash_image_00,job_0110_gemini_2_5_flash_image_00,single_attribute_020,single_attribute_020_attribute_object_1,attribute,Does the image show a red-and-white striped cutting board?,pass,pass,,False
repair_human_060_job_0110_gemini_2_5_flash_image_00,repair_job_human_0060_gemini_2_5_flash_image_00,job_0110_gemini_2_5_flash_image_00,single_attribute_020,single_attribute_020_attribute_object_2,attribute,Does the image show a glossy white thumbtack?,pass,pass,,False
repair_human_061_job_0114_gemini_2_5_flash_image_00,repair_job_human_0061_gemini_2_5_flash_image_00,job_0114_gemini_2_5_flash_image_00,single_attribute_008,single_attribute_008_identity_object_1,object_identity,Does the image contain a clearly identifiable tray?,ambiguous,pass,,True
repair_human_061_job_0114_gemini_2_5_flash_image_00,repair_job_human_0061_gemini_2_5_flash_image_00,job_0114_gemini_2_5_flash_image_00,single_attribute_008,single_attribute_008_identity_object_2,object_identity,Does the image contain a clearly identifiable cup?,pass,pass,,False
repair_human_061_job_0114_gemini_2_5_flash_image_00,repair_job_human_0061_gemini_2_5_flash_image_00,job_0114_gemini_2_5_flash_image_00,single_attribute_008,single_attribute_008_attribute_object_1,attribute,Does the image show a ceramic tray?,pass,pass,,False
repair_human_061_job_0114_gemini_2_5_flash_image_00,repair_job_human_0061_gemini_2_5_flash_image_00,job_0114_gemini_2_5_flash_image_00,single_attribute_008,single_attribute_008_attribute_object_2,attribute,Does the image show a yellow-and-green polka-dotted cup?,pass,pass,,False
repair_human_062_job_0116_gemini_2_5_flash_image_00,repair_job_human_0062_gemini_2_5_flash_image_00,job_0116_gemini_2_5_flash_image_00,single_attribute_024,single_attribute_024_identity_object_1,object_identity,Does the image contain a clearly identifiable sheet of paper?,pass,ambiguous,"don't know what it is, looks like coaster.",False
repair_human_062_job_0116_gemini_2_5_flash_image_00,repair_job_human_0062_gemini_2_5_flash_image_00,job_0116_gemini_2_5_flash_image_00,single_attribute_024,single_attribute_024_identity_object_2,object_identity,Does the image contain a clearly identifiable bottle cap?,ambiguous,pass,,True
repair_human_062_job_0116_gemini_2_5_flash_image_00,repair_job_human_0062_gemini_2_5_flash_image_00,job_0116_gemini_2_5_flash_image_00,single_attribute_024,single_attribute_024_attribute_object_1,attribute,Does the image show a yellow-and-green polka-dotted sheet of paper?,pass,pass,,False
repair_human_062_job_0116_gemini_2_5_flash_image_00,repair_job_human_0062_gemini_2_5_flash_image_00,job_0116_gemini_2_5_flash_image_00,single_attribute_024,single_attribute_024_attribute_object_2,attribute,Does the image show a matte black bottle cap?,pass,pass,,False
repair_human_063_job_0118_gemini_2_5_flash_image_00,repair_job_human_0063_gemini_2_5_flash_image_00,job_0118_gemini_2_5_flash_image_00,single_attribute_019,single_attribute_019_identity_object_1,object_identity,Does the image contain a clearly identifiable cup?,pass,pass,,False
repair_human_063_job_0118_gemini_2_5_flash_image_00,repair_job_human_0063_gemini_2_5_flash_image_00,job_0118_gemini_2_5_flash_image_00,single_attribute_019,single_attribute_019_identity_object_2,object_identity,Does the image contain a clearly identifiable coin?,fail,pass,,True
repair_human_063_job_0118_gemini_2_5_flash_image_00,repair_job_human_0063_gemini_2_5_flash_image_00,job_0118_gemini_2_5_flash_image_00,single_attribute_019,single_attribute_019_attribute_object_1,attribute,Does the image show a multicolored cup?,pass,pass,,False
repair_human_063_job_0118_gemini_2_5_flash_image_00,repair_job_human_0063_gemini_2_5_flash_image_00,job_0118_gemini_2_5_flash_image_00,single_attribute_019,single_attribute_019_attribute_object_2,attribute,Does the image show a glossy white coin?,pass,pass,,False
repair_human_064_job_0126_gemini_2_5_flash_image_00,repair_job_human_0064_gemini_2_5_flash_image_00,job_0126_gemini_2_5_flash_image_00,single_attribute_003,single_attribute_003_identity_object_1,object_identity,Does the image contain a clearly identifiable standard safety pin?,pass,pass,,False
repair_human_064_job_0126_gemini_2_5_flash_image_00,repair_job_human_0064_gemini_2_5_flash_image_00,job_0126_gemini_2_5_flash_image_00,single_attribute_003,single_attribute_003_identity_object_2,object_identity,Does the image contain a clearly identifiable small paper clip?,ambiguous,pass,,True
repair_human_064_job_0126_gemini_2_5_flash_image_00,repair_job_human_0064_gemini_2_5_flash_image_00,job_0126_gemini_2_5_flash_image_00,single_attribute_003,single_attribute_003_attribute_object_1,attribute,Does the image show a plastic standard safety pin?,pass,pass,,False
repair_human_064_job_0126_gemini_2_5_flash_image_00,repair_job_human_0064_gemini_2_5_flash_image_00,job_0126_gemini_2_5_flash_image_00,single_attribute_003,single_attribute_003_attribute_object_2,attribute,Does the image show a ceramic small paper clip?,pass,pass,,False
repair_human_065_job_0128_gemini_2_5_flash_image_00,repair_job_human_0065_gemini_2_5_flash_image_00,job_0128_gemini_2_5_flash_image_00,single_attribute_021,single_attribute_021_identity_object_1,object_identity,Does the image contain a clearly identifiable index card?,fail,pass,,True
repair_human_065_job_0128_gemini_2_5_flash_image_00,repair_job_human_0065_gemini_2_5_flash_image_00,job_0128_gemini_2_5_flash_image_00,single_attribute_021,single_attribute_021_identity_object_2,object_identity,Does the image contain a clearly identifiable coin?,ambiguous,pass,,True
repair_human_065_job_0128_gemini_2_5_flash_image_00,repair_job_human_0065_gemini_2_5_flash_image_00,job_0128_gemini_2_5_flash_image_00,single_attribute_021,single_attribute_021_attribute_object_1,attribute,Does the image show a white speckled index card?,pass,pass,,False
repair_human_065_job_0128_gemini_2_5_flash_image_00,repair_job_human_0065_gemini_2_5_flash_image_00,job_0128_gemini_2_5_flash_image_00,single_attribute_021,single_attribute_021_attribute_object_2,attribute,Does the image show a glossy white coin?,pass,pass,,False
repair_human_066_job_0129_gpt_image_1_00,repair_job_human_0066_gpt_image_1_00,job_0129_gpt_image_1_00,single_attribute_016,single_attribute_016_identity_object_1,object_identity,Does the image contain a clearly identifiable food container?,ambiguous,pass,,True
repair_human_066_job_0129_gpt_image_1_00,repair_job_human_0066_gpt_image_1_00,job_0129_gpt_image_1_00,single_attribute_016,single_attribute_016_identity_object_2,object_identity,Does the image contain a clearly identifiable serving bowl?,pass,pass,,False
repair_human_066_job_0129_gpt_image_1_00,repair_job_human_0066_gpt_image_1_00,job_0129_gpt_image_1_00,single_attribute_016,single_attribute_016_attribute_object_1,attribute,Does the image show a white speckled food container?,pass,pass,,False
repair_human_066_job_0129_gpt_image_1_00,repair_job_human_0066_gpt_image_1_00,job_0129_gpt_image_1_00,single_attribute_016,single_attribute_016_attribute_object_2,attribute,Does the image show a blue-and-white striped serving bowl?,pass,pass,,False
repair_human_067_job_0138_gemini_2_5_flash_image_00,repair_job_human_0067_gemini_2_5_flash_image_00,job_0138_gemini_2_5_flash_image_00,single_cardinality_016,single_cardinality_016_identity_object_1,object_identity,Does the image contain a clearly identifiable small flat washer?,pass,pass,,False
repair_human_067_job_0138_gemini_2_5_flash_image_00,repair_job_human_0067_gemini_2_5_flash_image_00,job_0138_gemini_2_5_flash_image_00,single_cardinality_016,single_cardinality_016_cardinality,cardinality,Does the image contain exactly 5 clearly visible small flat washers?,fail,pass,,True
repair_human_068_job_0140_gemini_2_5_flash_image_00,repair_job_human_0068_gemini_2_5_flash_image_00,job_0140_gemini_2_5_flash_image_00,single_cardinality_010,single_cardinality_010_identity_object_1,object_identity,Does the image contain a clearly identifiable thin rubber band?,pass,pass,,False
repair_human_068_job_0140_gemini_2_5_flash_image_00,repair_job_human_0068_gemini_2_5_flash_image_00,job_0140_gemini_2_5_flash_image_00,single_cardinality_010,single_cardinality_010_cardinality,cardinality,Does the image contain exactly 4 clearly visible thin rubber bands?,fail,pass,,True
repair_human_069_job_0142_gemini_2_5_flash_image_00,repair_job_human_0069_gemini_2_5_flash_image_00,job_0142_gemini_2_5_flash_image_00,single_cardinality_021,single_cardinality_021_identity_object_1,object_identity,Does the image contain a clearly identifiable thin rubber band?,pass,pass,,False
repair_human_069_job_0142_gemini_2_5_flash_image_00,repair_job_human_0069_gemini_2_5_flash_image_00,job_0142_gemini_2_5_flash_image_00,single_cardinality_021,single_cardinality_021_cardinality,cardinality,Does the image contain exactly 6 clearly visible thin rubber bands?,fail,ambiguous,"the rubber bands mixed together.",True
repair_human_070_job_0144_gemini_2_5_flash_image_00,repair_job_human_0070_gemini_2_5_flash_image_00,job_0144_gemini_2_5_flash_image_00,single_cardinality_020,single_cardinality_020_identity_object_1,object_identity,Does the image contain a clearly identifiable standard sewing button?,pass,pass,,False
repair_human_070_job_0144_gemini_2_5_flash_image_00,repair_job_human_0070_gemini_2_5_flash_image_00,job_0144_gemini_2_5_flash_image_00,single_cardinality_020,single_cardinality_020_cardinality,cardinality,Does the image contain exactly 6 clearly visible standard sewing buttons?,fail,fail,"there are seven buttons, not six.",True
repair_human_071_job_0148_gemini_2_5_flash_image_00,repair_job_human_0071_gemini_2_5_flash_image_00,job_0148_gemini_2_5_flash_image_00,single_cardinality_024,single_cardinality_024_identity_object_1,object_identity,Does the image contain a clearly identifiable small paper clip?,pass,pass,,False
repair_human_071_job_0148_gemini_2_5_flash_image_00,repair_job_human_0071_gemini_2_5_flash_image_00,job_0148_gemini_2_5_flash_image_00,single_cardinality_024,single_cardinality_024_cardinality,cardinality,Does the image contain exactly 6 clearly visible small paper clips?,fail,pass,,True
repair_human_072_job_0150_gemini_2_5_flash_image_00,repair_job_human_0072_gemini_2_5_flash_image_00,job_0150_gemini_2_5_flash_image_00,single_cardinality_023,single_cardinality_023_identity_object_1,object_identity,Does the image contain a clearly identifiable small flat washer?,pass,pass,,False
repair_human_072_job_0150_gemini_2_5_flash_image_00,repair_job_human_0072_gemini_2_5_flash_image_00,job_0150_gemini_2_5_flash_image_00,single_cardinality_023,single_cardinality_023_cardinality,cardinality,Does the image contain exactly 6 clearly visible small flat washers?,fail,fail,"there are seven washers, not six.",True
repair_human_073_job_0151_gpt_image_1_00,repair_job_human_0073_gpt_image_1_00,job_0151_gpt_image_1_00,single_cardinality_019,single_cardinality_019_identity_object_1,object_identity,Does the image contain a clearly identifiable coin?,pass,pass,,False
repair_human_073_job_0151_gpt_image_1_00,repair_job_human_0073_gpt_image_1_00,job_0151_gpt_image_1_00,single_cardinality_019,single_cardinality_019_cardinality,cardinality,Does the image contain exactly 6 clearly visible coins?,fail,fail,"there are seven coins, not six.",True
repair_human_074_job_0154_gemini_2_5_flash_image_00,repair_job_human_0074_gemini_2_5_flash_image_00,job_0154_gemini_2_5_flash_image_00,single_cardinality_018,single_cardinality_018_identity_object_1,object_identity,Does the image contain a clearly identifiable thin rubber band?,pass,pass,,False
repair_human_074_job_0154_gemini_2_5_flash_image_00,repair_job_human_0074_gemini_2_5_flash_image_00,job_0154_gemini_2_5_flash_image_00,single_cardinality_018,single_cardinality_018_cardinality,cardinality,Does the image contain exactly 5 clearly visible thin rubber bands?,fail,fail,"there are four rubber bands, not five.",True
repair_human_075_job_0160_gemini_2_5_flash_image_00,repair_job_human_0075_gemini_2_5_flash_image_00,job_0160_gemini_2_5_flash_image_00,single_spatial_018,single_spatial_018_identity_object_1,object_identity,Does the image contain a clearly identifiable serving bowl?,pass,pass,,False
repair_human_075_job_0160_gemini_2_5_flash_image_00,repair_job_human_0075_gemini_2_5_flash_image_00,job_0160_gemini_2_5_flash_image_00,single_spatial_018,single_spatial_018_identity_object_2,object_identity,Does the image contain a clearly identifiable small paper clip?,fail,pass,,True
repair_human_075_job_0160_gemini_2_5_flash_image_00,repair_job_human_0075_gemini_2_5_flash_image_00,job_0160_gemini_2_5_flash_image_00,single_spatial_018,single_spatial_018_spatial,spatial_relation,Does the image show a serving bowl to the right of a small paper clip?,pass,pass,,False
repair_human_076_job_0166_gemini_2_5_flash_image_00,repair_job_human_0076_gemini_2_5_flash_image_00,job_0166_gemini_2_5_flash_image_00,single_spatial_004,single_spatial_004_identity_object_1,object_identity,Does the image contain a clearly identifiable die?,pass,pass,,False
repair_human_076_job_0166_gemini_2_5_flash_image_00,repair_job_human_0076_gemini_2_5_flash_image_00,job_0166_gemini_2_5_flash_image_00,single_spatial_004,single_spatial_004_identity_object_2,object_identity,Does the image contain a clearly identifiable tray?,ambiguous,pass,,True
repair_human_076_job_0166_gemini_2_5_flash_image_00,repair_job_human_0076_gemini_2_5_flash_image_00,job_0166_gemini_2_5_flash_image_00,single_spatial_004,single_spatial_004_spatial,spatial_relation,Does the image show a die inside a tray?,pass,pass,,False
repair_human_077_job_0171_gpt_image_1_00,repair_job_human_0077_gpt_image_1_00,job_0171_gpt_image_1_00,single_spatial_014,single_spatial_014_identity_object_1,object_identity,Does the image contain a clearly identifiable die?,pass,pass,,False
repair_human_077_job_0171_gpt_image_1_00,repair_job_human_0077_gpt_image_1_00,job_0171_gpt_image_1_00,single_spatial_014,single_spatial_014_identity_object_2,object_identity,Does the image contain a clearly identifiable cup?,ambiguous,fail,"it cannot be a cup since it's made of leather.",True
repair_human_077_job_0171_gpt_image_1_00,repair_job_human_0077_gpt_image_1_00,job_0171_gpt_image_1_00,single_spatial_014,single_spatial_014_spatial,spatial_relation,Does the image show a die outside a cup?,pass,pass,,False
repair_human_078_job_0172_gemini_2_5_flash_image_00,repair_job_human_0078_gemini_2_5_flash_image_00,job_0172_gemini_2_5_flash_image_00,single_spatial_011,single_spatial_011_identity_object_1,object_identity,Does the image contain a clearly identifiable small paper clip?,pass,pass,,False
repair_human_078_job_0172_gemini_2_5_flash_image_00,repair_job_human_0078_gemini_2_5_flash_image_00,job_0172_gemini_2_5_flash_image_00,single_spatial_011,single_spatial_011_identity_object_2,object_identity,Does the image contain a clearly identifiable serving bowl?,pass,pass,,False
repair_human_078_job_0172_gemini_2_5_flash_image_00,repair_job_human_0078_gemini_2_5_flash_image_00,job_0172_gemini_2_5_flash_image_00,single_spatial_011,single_spatial_011_spatial,spatial_relation,Does the image show a small paper clip on top of a serving bowl?,fail,pass,,True
repair_human_079_job_0174_gemini_2_5_flash_image_00,repair_job_human_0079_gemini_2_5_flash_image_00,job_0174_gemini_2_5_flash_image_00,single_spatial_015,single_spatial_015_identity_object_1,object_identity,Does the image contain a clearly identifiable small flat washer?,pass,pass,,False
repair_human_079_job_0174_gemini_2_5_flash_image_00,repair_job_human_0079_gemini_2_5_flash_image_00,job_0174_gemini_2_5_flash_image_00,single_spatial_015,single_spatial_015_identity_object_2,object_identity,Does the image contain a clearly identifiable tray?,fail,pass,,True
repair_human_079_job_0174_gemini_2_5_flash_image_00,repair_job_human_0079_gemini_2_5_flash_image_00,job_0174_gemini_2_5_flash_image_00,single_spatial_015,single_spatial_015_spatial,spatial_relation,Does the image show a small flat washer outside a tray?,pass,pass,,False
repair_human_080_job_0176_gemini_2_5_flash_image_00,repair_job_human_0080_gemini_2_5_flash_image_00,job_0176_gemini_2_5_flash_image_00,single_spatial_019,single_spatial_019_identity_object_1,object_identity,Does the image contain a clearly identifiable food container?,pass,pass,,False
repair_human_080_job_0176_gemini_2_5_flash_image_00,repair_job_human_0080_gemini_2_5_flash_image_00,job_0176_gemini_2_5_flash_image_00,single_spatial_019,single_spatial_019_identity_object_2,object_identity,Does the image contain a clearly identifiable small paper clip?,fail,pass,,True
repair_human_080_job_0176_gemini_2_5_flash_image_00,repair_job_human_0080_gemini_2_5_flash_image_00,job_0176_gemini_2_5_flash_image_00,single_spatial_019,single_spatial_019_spatial,spatial_relation,Does the image show a food container to the right of a small paper clip?,pass,pass,,False
repair_human_081_job_0178_gemini_2_5_flash_image_00,repair_job_human_0081_gemini_2_5_flash_image_00,job_0178_gemini_2_5_flash_image_00,single_spatial_010,single_spatial_010_identity_object_1,object_identity,Does the image contain a clearly identifiable small flat washer?,pass,pass,,False
repair_human_081_job_0178_gemini_2_5_flash_image_00,repair_job_human_0081_gemini_2_5_flash_image_00,job_0178_gemini_2_5_flash_image_00,single_spatial_010,single_spatial_010_identity_object_2,object_identity,Does the image contain a clearly identifiable serving bowl?,fail,pass,,True
repair_human_081_job_0178_gemini_2_5_flash_image_00,repair_job_human_0081_gemini_2_5_flash_image_00,job_0178_gemini_2_5_flash_image_00,single_spatial_010,single_spatial_010_spatial,spatial_relation,Does the image show a small flat washer on top of a serving bowl?,pass,pass,,False
