constraint_id,prompt_id,constraint_type,check_text,object_1,object_2,object_1_group,object_2_group,relation,relation_text,target_object,target_object_group,target_count,attribute,attribute_category,attribute_1,attribute_1_category,attribute_2,attribute_2_category,object_slot,attribute_slot
single_spatial_001_identity_object_1,single_spatial_001,object_identity,Does the image contain a clearly identifiable thin rubber band?,thin rubber band,,small_items,,,,thin rubber band,small_items,,,,,,,,object_1,
single_spatial_001_identity_object_2,single_spatial_001,object_identity,Does the image contain a clearly identifiable food container?,,food container,,containers,,,food container,containers,,,,,,,,object_2,
single_spatial_001_spatial,single_spatial_001,spatial_relation,Does the image show a thin rubber band inside a food container?,thin rubber band,food container,small_items,containers,inside,inside,,,,,,,,,,,
single_spatial_002_identity_object_1,single_spatial_002,object_identity,Does the image contain a clearly identifiable thin rubber band?,thin rubber band,,small_items,,,,thin rubber band,small_items,,,,,,,,object_1,
single_spatial_002_identity_object_2,single_spatial_002,object_identity,Does the image contain a clearly identifiable food container?,,food container,,containers,,,food container,containers,,,,,,,,object_2,
single_spatial_002_spatial,single_spatial_002,spatial_relation,Does the image show a thin rubber band inside a food container?,thin rubber band,food container,small_items,containers,inside,inside,,,,,,,,,,,
single_spatial_003_identity_object_1,single_spatial_003,object_identity,Does the image contain a clearly identifiable bottle cap?,bottle cap,,small_items,,,,bottle cap,small_items,,,,,,,,object_1,
single_spatial_003_identity_object_2,single_spatial_003,object_identity,Does the image contain a clearly identifiable serving bowl?,,serving bowl,,containers,,,serving bowl,containers,,,,,,,,object_2,
single_spatial_003_spatial,single_spatial_003,spatial_relation,Does the image show a bottle cap inside a serving bowl?,bottle cap,serving bowl,small_items,containers,inside,inside,,,,,,,,,,,
single_spatial_004_identity_object_1,single_spatial_004,object_identity,Does the image contain a clearly identifiable die?,die,,small_items,,,,die,small_items,,,,,,,,object_1,
single_spatial_004_identity_object_2,single_spatial_004,object_identity,Does the image contain a clearly identifiable tray?,,tray,,containers,,,tray,containers,,,,,,,,object_2,
single_spatial_004_spatial,single_spatial_004,spatial_relation,Does the image show a die inside a tray?,die,tray,small_items,containers,inside,inside,,,,,,,,,,,
single_spatial_005_identity_object_1,single_spatial_005,object_identity,Does the image contain a clearly identifiable cutting board?,cutting board,,surfaces,,,,cutting board,surfaces,,,,,,,,object_1,
single_spatial_005_identity_object_2,single_spatial_005,object_identity,Does the image contain a clearly identifiable food container?,,food container,,containers,,,food container,containers,,,,,,,,object_2,
single_spatial_005_spatial,single_spatial_005,spatial_relation,Does the image show a cutting board to the left of a food container?,cutting board,food container,surfaces,containers,left_of,to the left of,,,,,,,,,,,
single_spatial_006_identity_object_1,single_spatial_006,object_identity,Does the image contain a clearly identifiable serving bowl?,serving bowl,,containers,,,,serving bowl,containers,,,,,,,,object_1,
single_spatial_006_identity_object_2,single_spatial_006,object_identity,Does the image contain a clearly identifiable napkin?,,napkin,,surfaces,,,napkin,surfaces,,,,,,,,object_2,
single_spatial_006_spatial,single_spatial_006,spatial_relation,Does the image show a serving bowl to the left of a napkin?,serving bowl,napkin,containers,surfaces,left_of,to the left of,,,,,,,,,,,
single_spatial_007_identity_object_1,single_spatial_007,object_identity,Does the image contain a clearly identifiable standard safety pin?,standard safety pin,,small_items,,,,standard safety pin,small_items,,,,,,,,object_1,
single_spatial_007_identity_object_2,single_spatial_007,object_identity,Does the image contain a clearly identifiable plate?,,plate,,surfaces,,,plate,surfaces,,,,,,,,object_2,
single_spatial_007_spatial,single_spatial_007,spatial_relation,Does the image show a standard safety pin to the left of a plate?,standard safety pin,plate,small_items,surfaces,left_of,to the left of,,,,,,,,,,,
single_spatial_008_identity_object_1,single_spatial_008,object_identity,Does the image contain a clearly identifiable thumbtack?,thumbtack,,small_items,,,,thumbtack,small_items,,,,,,,,object_1,
single_spatial_008_identity_object_2,single_spatial_008,object_identity,Does the image contain a clearly identifiable plate?,,plate,,surfaces,,,plate,surfaces,,,,,,,,object_2,
single_spatial_008_spatial,single_spatial_008,spatial_relation,Does the image show a thumbtack to the left of a plate?,thumbtack,plate,small_items,surfaces,left_of,to the left of,,,,,,,,,,,
single_spatial_009_identity_object_1,single_spatial_009,object_identity,Does the image contain a clearly identifiable marble?,marble,,small_items,,,,marble,small_items,,,,,,,,object_1,
single_spatial_009_identity_object_2,single_spatial_009,object_identity,Does the image contain a clearly identifiable napkin?,,napkin,,surfaces,,,napkin,surfaces,,,,,,,,object_2,
single_spatial_009_spatial,single_spatial_009,spatial_relation,Does the image show a marble on top of a napkin?,marble,napkin,small_items,surfaces,on_top_of,on top of,,,,,,,,,,,
single_spatial_010_identity_object_1,single_spatial_010,object_identity,Does the image contain a clearly identifiable small flat washer?,small flat washer,,small_items,,,,small flat washer,small_items,,,,,,,,object_1,
single_spatial_010_identity_object_2,single_spatial_010,object_identity,Does the image contain a clearly identifiable serving bowl?,,serving bowl,,containers,,,serving bowl,containers,,,,,,,,object_2,
single_spatial_010_spatial,single_spatial_010,spatial_relation,Does the image show a small flat washer on top of a serving bowl?,small flat washer,serving bowl,small_items,containers,on_top_of,on top of,,,,,,,,,,,
single_spatial_011_identity_object_1,single_spatial_011,object_identity,Does the image contain a clearly identifiable small paper clip?,small paper clip,,small_items,,,,small paper clip,small_items,,,,,,,,object_1,
single_spatial_011_identity_object_2,single_spatial_011,object_identity,Does the image contain a clearly identifiable serving bowl?,,serving bowl,,containers,,,serving bowl,containers,,,,,,,,object_2,
single_spatial_011_spatial,single_spatial_011,spatial_relation,Does the image show a small paper clip on top of a serving bowl?,small paper clip,serving bowl,small_items,containers,on_top_of,on top of,,,,,,,,,,,
single_spatial_012_identity_object_1,single_spatial_012,object_identity,Does the image contain a clearly identifiable standard safety pin?,standard safety pin,,small_items,,,,standard safety pin,small_items,,,,,,,,object_1,
single_spatial_012_identity_object_2,single_spatial_012,object_identity,Does the image contain a clearly identifiable tray?,,tray,,containers,,,tray,containers,,,,,,,,object_2,
single_spatial_012_spatial,single_spatial_012,spatial_relation,Does the image show a standard safety pin on top of a tray?,standard safety pin,tray,small_items,containers,on_top_of,on top of,,,,,,,,,,,
single_spatial_013_identity_object_1,single_spatial_013,object_identity,Does the image contain a clearly identifiable coin?,coin,,small_items,,,,coin,small_items,,,,,,,,object_1,
single_spatial_013_identity_object_2,single_spatial_013,object_identity,Does the image contain a clearly identifiable cup?,,cup,,containers,,,cup,containers,,,,,,,,object_2,
single_spatial_013_spatial,single_spatial_013,spatial_relation,Does the image show a coin outside a cup?,coin,cup,small_items,containers,outside,outside,,,,,,,,,,,
single_spatial_014_identity_object_1,single_spatial_014,object_identity,Does the image contain a clearly identifiable die?,die,,small_items,,,,die,small_items,,,,,,,,object_1,
single_spatial_014_identity_object_2,single_spatial_014,object_identity,Does the image contain a clearly identifiable cup?,,cup,,containers,,,cup,containers,,,,,,,,object_2,
single_spatial_014_spatial,single_spatial_014,spatial_relation,Does the image show a die outside a cup?,die,cup,small_items,containers,outside,outside,,,,,,,,,,,
single_spatial_015_identity_object_1,single_spatial_015,object_identity,Does the image contain a clearly identifiable small flat washer?,small flat washer,,small_items,,,,small flat washer,small_items,,,,,,,,object_1,
single_spatial_015_identity_object_2,single_spatial_015,object_identity,Does the image contain a clearly identifiable tray?,,tray,,containers,,,tray,containers,,,,,,,,object_2,
single_spatial_015_spatial,single_spatial_015,spatial_relation,Does the image show a small flat washer outside a tray?,small flat washer,tray,small_items,containers,outside,outside,,,,,,,,,,,
single_spatial_016_identity_object_1,single_spatial_016,object_identity,Does the image contain a clearly identifiable thumbtack?,thumbtack,,small_items,,,,thumbtack,small_items,,,,,,,,object_1,
single_spatial_016_identity_object_2,single_spatial_016,object_identity,Does the image contain a clearly identifiable serving bowl?,,serving bowl,,containers,,,serving bowl,containers,,,,,,,,object_2,
single_spatial_016_spatial,single_spatial_016,spatial_relation,Does the image show a thumbtack outside a serving bowl?,thumbtack,serving bowl,small_items,containers,outside,outside,,,,,,,,,,,
single_spatial_017_identity_object_1,single_spatial_017,object_identity,Does the image contain a clearly identifiable cutting board?,cutting board,,surfaces,,,,cutting board,surfaces,,,,,,,,object_1,
single_spatial_017_identity_object_2,single_spatial_017,object_identity,Does the image contain a clearly identifiable standard safety pin?,,standard safety pin,,small_items,,,standard safety pin,small_items,,,,,,,,object_2,
single_spatial_017_spatial,single_spatial_017,spatial_relation,Does the image show a cutting board to the right of a standard safety pin?,cutting board,standard safety pin,surfaces,small_items,right_of,to the right of,,,,,,,,,,,
single_spatial_018_identity_object_1,single_spatial_018,object_identity,Does the image contain a clearly identifiable serving bowl?,serving bowl,,containers,,,,serving bowl,containers,,,,,,,,object_1,
single_spatial_018_identity_object_2,single_spatial_018,object_identity,Does the image contain a clearly identifiable small paper clip?,,small paper clip,,small_items,,,small paper clip,small_items,,,,,,,,object_2,
single_spatial_018_spatial,single_spatial_018,spatial_relation,Does the image show a serving bowl to the right of a small paper clip?,serving bowl,small paper clip,containers,small_items,right_of,to the right of,,,,,,,,,,,
single_spatial_019_identity_object_1,single_spatial_019,object_identity,Does the image contain a clearly identifiable food container?,food container,,containers,,,,food container,containers,,,,,,,,object_1,
single_spatial_019_identity_object_2,single_spatial_019,object_identity,Does the image contain a clearly identifiable small paper clip?,,small paper clip,,small_items,,,small paper clip,small_items,,,,,,,,object_2,
single_spatial_019_spatial,single_spatial_019,spatial_relation,Does the image show a food container to the right of a small paper clip?,food container,small paper clip,containers,small_items,right_of,to the right of,,,,,,,,,,,
single_spatial_020_identity_object_1,single_spatial_020,object_identity,Does the image contain a clearly identifiable standard sewing button?,standard sewing button,,small_items,,,,standard sewing button,small_items,,,,,,,,object_1,
single_spatial_020_identity_object_2,single_spatial_020,object_identity,Does the image contain a clearly identifiable small flat washer?,,small flat washer,,small_items,,,small flat washer,small_items,,,,,,,,object_2,
single_spatial_020_spatial,single_spatial_020,spatial_relation,Does the image show a standard sewing button to the right of a small flat washer?,standard sewing button,small flat washer,small_items,small_items,right_of,to the right of,,,,,,,,,,,
single_spatial_021_identity_object_1,single_spatial_021,object_identity,Does the image contain a clearly identifiable cutting board?,cutting board,,surfaces,,,,cutting board,surfaces,,,,,,,,object_1,
single_spatial_021_identity_object_2,single_spatial_021,object_identity,Does the image contain a clearly identifiable standard safety pin?,,standard safety pin,,small_items,,,standard safety pin,small_items,,,,,,,,object_2,
single_spatial_021_spatial,single_spatial_021,spatial_relation,Does the image show a cutting board under a standard safety pin?,cutting board,standard safety pin,surfaces,small_items,under,under,,,,,,,,,,,
single_spatial_022_identity_object_1,single_spatial_022,object_identity,Does the image contain a clearly identifiable napkin?,napkin,,surfaces,,,,napkin,surfaces,,,,,,,,object_1,
single_spatial_022_identity_object_2,single_spatial_022,object_identity,Does the image contain a clearly identifiable bottle cap?,,bottle cap,,small_items,,,bottle cap,small_items,,,,,,,,object_2,
single_spatial_022_spatial,single_spatial_022,spatial_relation,Does the image show a napkin under a bottle cap?,napkin,bottle cap,surfaces,small_items,under,under,,,,,,,,,,,
single_spatial_023_identity_object_1,single_spatial_023,object_identity,Does the image contain a clearly identifiable plate?,plate,,surfaces,,,,plate,surfaces,,,,,,,,object_1,
single_spatial_023_identity_object_2,single_spatial_023,object_identity,Does the image contain a clearly identifiable small paper clip?,,small paper clip,,small_items,,,small paper clip,small_items,,,,,,,,object_2,
single_spatial_023_spatial,single_spatial_023,spatial_relation,Does the image show a plate under a small paper clip?,plate,small paper clip,surfaces,small_items,under,under,,,,,,,,,,,
single_spatial_024_identity_object_1,single_spatial_024,object_identity,Does the image contain a clearly identifiable cutting board?,cutting board,,surfaces,,,,cutting board,surfaces,,,,,,,,object_1,
single_spatial_024_identity_object_2,single_spatial_024,object_identity,Does the image contain a clearly identifiable small flat washer?,,small flat washer,,small_items,,,small flat washer,small_items,,,,,,,,object_2,
single_spatial_024_spatial,single_spatial_024,spatial_relation,Does the image show a cutting board under a small flat washer?,cutting board,small flat washer,surfaces,small_items,under,under,,,,,,,,,,,
single_attribute_001_identity_object_1,single_attribute_001,object_identity,Does the image contain a clearly identifiable standard sewing button?,standard sewing button,,small_items,,,,standard sewing button,small_items,,,,,,,,object_1,
single_attribute_001_identity_object_2,single_attribute_001,object_identity,Does the image contain a clearly identifiable cup?,,cup,,containers,,,cup,containers,,,,,,,,object_2,
single_attribute_001_attribute_object_1,single_attribute_001,attribute,Does the image show a ceramic standard sewing button?,standard sewing button,,small_items,,,,standard sewing button,small_items,,ceramic,material_finish,ceramic,material_finish,,,object_1,object_1
single_attribute_001_attribute_object_2,single_attribute_001,attribute,Does the image show a reflective metallic cup?,,cup,,containers,,,cup,containers,,reflective metallic,material_finish,,,reflective metallic,material_finish,object_2,object_2
single_attribute_002_identity_object_1,single_attribute_002,object_identity,Does the image contain a clearly identifiable bottle cap?,bottle cap,,small_items,,,,bottle cap,small_items,,,,,,,,object_1,
single_attribute_002_identity_object_2,single_attribute_002,object_identity,Does the image contain a clearly identifiable cup?,,cup,,containers,,,cup,containers,,,,,,,,object_2,
single_attribute_002_attribute_object_1,single_attribute_002,attribute,Does the image show a matte black bottle cap?,bottle cap,,small_items,,,,bottle cap,small_items,,matte black,material_finish,matte black,material_finish,,,object_1,object_1
single_attribute_002_attribute_object_2,single_attribute_002,attribute,Does the image show a black-and-white checkered cup?,,cup,,containers,,,cup,containers,,black-and-white checkered,pattern_texture,,,black-and-white checkered,pattern_texture,object_2,object_2
single_attribute_003_identity_object_1,single_attribute_003,object_identity,Does the image contain a clearly identifiable standard safety pin?,standard safety pin,,small_items,,,,standard safety pin,small_items,,,,,,,,object_1,
single_attribute_003_identity_object_2,single_attribute_003,object_identity,Does the image contain a clearly identifiable small paper clip?,,small paper clip,,small_items,,,small paper clip,small_items,,,,,,,,object_2,
single_attribute_003_attribute_object_1,single_attribute_003,attribute,Does the image show a plastic standard safety pin?,standard safety pin,,small_items,,,,standard safety pin,small_items,,plastic,material_finish,plastic,material_finish,,,object_1,object_1
single_attribute_003_attribute_object_2,single_attribute_003,attribute,Does the image show a ceramic small paper clip?,,small paper clip,,small_items,,,small paper clip,small_items,,ceramic,material_finish,,,ceramic,material_finish,object_2,object_2
single_attribute_004_identity_object_1,single_attribute_004,object_identity,Does the image contain a clearly identifiable small box?,small box,,containers,,,,small box,containers,,,,,,,,object_1,
single_attribute_004_identity_object_2,single_attribute_004,object_identity,Does the image contain a clearly identifiable plate?,,plate,,surfaces,,,plate,surfaces,,,,,,,,object_2,
single_attribute_004_attribute_object_1,single_attribute_004,attribute,Does the image show a reflective metallic small box?,small box,,containers,,,,small box,containers,,reflective metallic,material_finish,reflective metallic,material_finish,,,object_1,object_1
single_attribute_004_attribute_object_2,single_attribute_004,attribute,Does the image show a red-and-white striped plate?,,plate,,surfaces,,,plate,surfaces,,red-and-white striped,pattern_texture,,,red-and-white striped,pattern_texture,object_2,object_2
single_attribute_005_identity_object_1,single_attribute_005,object_identity,Does the image contain a clearly identifiable standard safety pin?,standard safety pin,,small_items,,,,standard safety pin,small_items,,,,,,,,object_1,
single_attribute_005_identity_object_2,single_attribute_005,object_identity,Does the image contain a clearly identifiable plate?,,plate,,surfaces,,,plate,surfaces,,,,,,,,object_2,
single_attribute_005_attribute_object_1,single_attribute_005,attribute,Does the image show a reflective metallic standard safety pin?,standard safety pin,,small_items,,,,standard safety pin,small_items,,reflective metallic,material_finish,reflective metallic,material_finish,,,object_1,object_1
single_attribute_005_attribute_object_2,single_attribute_005,attribute,Does the image show a blue-and-white striped plate?,,plate,,surfaces,,,plate,surfaces,,blue-and-white striped,pattern_texture,,,blue-and-white striped,pattern_texture,object_2,object_2
single_attribute_006_identity_object_1,single_attribute_006,object_identity,Does the image contain a clearly identifiable tray?,tray,,containers,,,,tray,containers,,,,,,,,object_1,
single_attribute_006_identity_object_2,single_attribute_006,object_identity,Does the image contain a clearly identifiable coin?,,coin,,small_items,,,coin,small_items,,,,,,,,object_2,
single_attribute_006_attribute_object_1,single_attribute_006,attribute,Does the image show a transparent glass tray?,tray,,containers,,,,tray,containers,,transparent glass,material_finish,transparent glass,material_finish,,,object_1,object_1
single_attribute_006_attribute_object_2,single_attribute_006,attribute,Does the image show a ceramic coin?,,coin,,small_items,,,coin,small_items,,ceramic,material_finish,,,ceramic,material_finish,object_2,object_2
single_attribute_007_identity_object_1,single_attribute_007,object_identity,Does the image contain a clearly identifiable thumbtack?,thumbtack,,small_items,,,,thumbtack,small_items,,,,,,,,object_1,
single_attribute_007_identity_object_2,single_attribute_007,object_identity,Does the image contain a clearly identifiable tray?,,tray,,containers,,,tray,containers,,,,,,,,object_2,
single_attribute_007_attribute_object_1,single_attribute_007,attribute,Does the image show a ceramic thumbtack?,thumbtack,,small_items,,,,thumbtack,small_items,,ceramic,material_finish,ceramic,material_finish,,,object_1,object_1
single_attribute_007_attribute_object_2,single_attribute_007,attribute,Does the image show a glossy white tray?,,tray,,containers,,,tray,containers,,glossy white,material_finish,,,glossy white,material_finish,object_2,object_2
single_attribute_008_identity_object_1,single_attribute_008,object_identity,Does the image contain a clearly identifiable tray?,tray,,containers,,,,tray,containers,,,,,,,,object_1,
single_attribute_008_identity_object_2,single_attribute_008,object_identity,Does the image contain a clearly identifiable cup?,,cup,,containers,,,cup,containers,,,,,,,,object_2,
single_attribute_008_attribute_object_1,single_attribute_008,attribute,Does the image show a ceramic tray?,tray,,containers,,,,tray,containers,,ceramic,material_finish,ceramic,material_finish,,,object_1,object_1
single_attribute_008_attribute_object_2,single_attribute_008,attribute,Does the image show a yellow-and-green polka-dotted cup?,,cup,,containers,,,cup,containers,,yellow-and-green polka-dotted,pattern_texture,,,yellow-and-green polka-dotted,pattern_texture,object_2,object_2
single_attribute_009_identity_object_1,single_attribute_009,object_identity,Does the image contain a clearly identifiable tray?,tray,,containers,,,,tray,containers,,,,,,,,object_1,
single_attribute_009_identity_object_2,single_attribute_009,object_identity,Does the image contain a clearly identifiable small box?,,small box,,containers,,,small box,containers,,,,,,,,object_2,
single_attribute_009_attribute_object_1,single_attribute_009,attribute,Does the image show a glossy white tray?,tray,,containers,,,,tray,containers,,glossy white,material_finish,glossy white,material_finish,,,object_1,object_1
single_attribute_009_attribute_object_2,single_attribute_009,attribute,Does the image show a matte black small box?,,small box,,containers,,,small box,containers,,matte black,material_finish,,,matte black,material_finish,object_2,object_2
single_attribute_010_identity_object_1,single_attribute_010,object_identity,Does the image contain a clearly identifiable coin?,coin,,small_items,,,,coin,small_items,,,,,,,,object_1,
single_attribute_010_identity_object_2,single_attribute_010,object_identity,Does the image contain a clearly identifiable small flat washer?,,small flat washer,,small_items,,,small flat washer,small_items,,,,,,,,object_2,
single_attribute_010_attribute_object_1,single_attribute_010,attribute,Does the image show a plastic coin?,coin,,small_items,,,,coin,small_items,,plastic,material_finish,plastic,material_finish,,,object_1,object_1
single_attribute_010_attribute_object_2,single_attribute_010,attribute,Does the image show a matte black small flat washer?,,small flat washer,,small_items,,,small flat washer,small_items,,matte black,material_finish,,,matte black,material_finish,object_2,object_2
single_attribute_011_identity_object_1,single_attribute_011,object_identity,Does the image contain a clearly identifiable standard sewing button?,standard sewing button,,small_items,,,,standard sewing button,small_items,,,,,,,,object_1,
single_attribute_011_identity_object_2,single_attribute_011,object_identity,Does the image contain a clearly identifiable napkin?,,napkin,,surfaces,,,napkin,surfaces,,,,,,,,object_2,
single_attribute_011_attribute_object_1,single_attribute_011,attribute,Does the image show a plastic standard sewing button?,standard sewing button,,small_items,,,,standard sewing button,small_items,,plastic,material_finish,plastic,material_finish,,,object_1,object_1
single_attribute_011_attribute_object_2,single_attribute_011,attribute,Does the image show a red-and-white striped napkin?,,napkin,,surfaces,,,napkin,surfaces,,red-and-white striped,pattern_texture,,,red-and-white striped,pattern_texture,object_2,object_2
single_attribute_012_identity_object_1,single_attribute_012,object_identity,Does the image contain a clearly identifiable thin rubber band?,thin rubber band,,small_items,,,,thin rubber band,small_items,,,,,,,,object_1,
single_attribute_012_identity_object_2,single_attribute_012,object_identity,Does the image contain a clearly identifiable small box?,,small box,,containers,,,small box,containers,,,,,,,,object_2,
single_attribute_012_attribute_object_1,single_attribute_012,attribute,Does the image show a reflective metallic thin rubber band?,thin rubber band,,small_items,,,,thin rubber band,small_items,,reflective metallic,material_finish,reflective metallic,material_finish,,,object_1,object_1
single_attribute_012_attribute_object_2,single_attribute_012,attribute,Does the image show a white speckled small box?,,small box,,containers,,,small box,containers,,white speckled,pattern_texture,,,white speckled,pattern_texture,object_2,object_2
single_attribute_013_identity_object_1,single_attribute_013,object_identity,Does the image contain a clearly identifiable plate?,plate,,surfaces,,,,plate,surfaces,,,,,,,,object_1,
single_attribute_013_identity_object_2,single_attribute_013,object_identity,Does the image contain a clearly identifiable thumbtack?,,thumbtack,,small_items,,,thumbtack,small_items,,,,,,,,object_2,
single_attribute_013_attribute_object_1,single_attribute_013,attribute,Does the image show a blue-and-white striped plate?,plate,,surfaces,,,,plate,surfaces,,blue-and-white striped,pattern_texture,blue-and-white striped,pattern_texture,,,object_1,object_1
single_attribute_013_attribute_object_2,single_attribute_013,attribute,Does the image show a transparent glass thumbtack?,,thumbtack,,small_items,,,thumbtack,small_items,,transparent glass,material_finish,,,transparent glass,material_finish,object_2,object_2
single_attribute_014_identity_object_1,single_attribute_014,object_identity,Does the image contain a clearly identifiable serving bowl?,serving bowl,,containers,,,,serving bowl,containers,,,,,,,,object_1,
single_attribute_014_identity_object_2,single_attribute_014,object_identity,Does the image contain a clearly identifiable food container?,,food container,,containers,,,food container,containers,,,,,,,,object_2,
single_attribute_014_attribute_object_1,single_attribute_014,attribute,Does the image show a blue-and-white striped serving bowl?,serving bowl,,containers,,,,serving bowl,containers,,blue-and-white striped,pattern_texture,blue-and-white striped,pattern_texture,,,object_1,object_1
single_attribute_014_attribute_object_2,single_attribute_014,attribute,Does the image show a transparent glass food container?,,food container,,containers,,,food container,containers,,transparent glass,material_finish,,,transparent glass,material_finish,object_2,object_2
single_attribute_015_identity_object_1,single_attribute_015,object_identity,Does the image contain a clearly identifiable food container?,food container,,containers,,,,food container,containers,,,,,,,,object_1,
single_attribute_015_identity_object_2,single_attribute_015,object_identity,Does the image contain a clearly identifiable standard sewing button?,,standard sewing button,,small_items,,,standard sewing button,small_items,,,,,,,,object_2,
single_attribute_015_attribute_object_1,single_attribute_015,attribute,Does the image show a red-and-white striped food container?,food container,,containers,,,,food container,containers,,red-and-white striped,pattern_texture,red-and-white striped,pattern_texture,,,object_1,object_1
single_attribute_015_attribute_object_2,single_attribute_015,attribute,Does the image show a matte black standard sewing button?,,standard sewing button,,small_items,,,standard sewing button,small_items,,matte black,material_finish,,,matte black,material_finish,object_2,object_2
single_attribute_016_identity_object_1,single_attribute_016,object_identity,Does the image contain a clearly identifiable food container?,food container,,containers,,,,food container,containers,,,,,,,,object_1,
single_attribute_016_identity_object_2,single_attribute_016,object_identity,Does the image contain a clearly identifiable serving bowl?,,serving bowl,,containers,,,serving bowl,containers,,,,,,,,object_2,
single_attribute_016_attribute_object_1,single_attribute_016,attribute,Does the image show a white speckled food container?,food container,,containers,,,,food container,containers,,white speckled,pattern_texture,white speckled,pattern_texture,,,object_1,object_1
single_attribute_016_attribute_object_2,single_attribute_016,attribute,Does the image show a blue-and-white striped serving bowl?,,serving bowl,,containers,,,serving bowl,containers,,blue-and-white striped,pattern_texture,,,blue-and-white striped,pattern_texture,object_2,object_2
single_attribute_017_identity_object_1,single_attribute_017,object_identity,Does the image contain a clearly identifiable notebook?,notebook,,surfaces,,,,notebook,surfaces,,,,,,,,object_1,
single_attribute_017_identity_object_2,single_attribute_017,object_identity,Does the image contain a clearly identifiable index card?,,index card,,surfaces,,,index card,surfaces,,,,,,,,object_2,
single_attribute_017_attribute_object_1,single_attribute_017,attribute,Does the image show a yellow-and-green polka-dotted notebook?,notebook,,surfaces,,,,notebook,surfaces,,yellow-and-green polka-dotted,pattern_texture,yellow-and-green polka-dotted,pattern_texture,,,object_1,object_1
single_attribute_017_attribute_object_2,single_attribute_017,attribute,Does the image show a white speckled index card?,,index card,,surfaces,,,index card,surfaces,,white speckled,pattern_texture,,,white speckled,pattern_texture,object_2,object_2
single_attribute_018_identity_object_1,single_attribute_018,object_identity,Does the image contain a clearly identifiable serving bowl?,serving bowl,,containers,,,,serving bowl,containers,,,,,,,,object_1,
single_attribute_018_identity_object_2,single_attribute_018,object_identity,Does the image contain a clearly identifiable cup?,,cup,,containers,,,cup,containers,,,,,,,,object_2,
single_attribute_018_attribute_object_1,single_attribute_018,attribute,Does the image show a blue-and-white striped serving bowl?,serving bowl,,containers,,,,serving bowl,containers,,blue-and-white striped,pattern_texture,blue-and-white striped,pattern_texture,,,object_1,object_1
single_attribute_018_attribute_object_2,single_attribute_018,attribute,Does the image show a yellow-and-green polka-dotted cup?,,cup,,containers,,,cup,containers,,yellow-and-green polka-dotted,pattern_texture,,,yellow-and-green polka-dotted,pattern_texture,object_2,object_2
single_attribute_019_identity_object_1,single_attribute_019,object_identity,Does the image contain a clearly identifiable cup?,cup,,containers,,,,cup,containers,,,,,,,,object_1,
single_attribute_019_identity_object_2,single_attribute_019,object_identity,Does the image contain a clearly identifiable coin?,,coin,,small_items,,,coin,small_items,,,,,,,,object_2,
single_attribute_019_attribute_object_1,single_attribute_019,attribute,Does the image show a multicolored cup?,cup,,containers,,,,cup,containers,,multicolored,pattern_texture,multicolored,pattern_texture,,,object_1,object_1
single_attribute_019_attribute_object_2,single_attribute_019,attribute,Does the image show a glossy white coin?,,coin,,small_items,,,coin,small_items,,glossy white,material_finish,,,glossy white,material_finish,object_2,object_2
single_attribute_020_identity_object_1,single_attribute_020,object_identity,Does the image contain a clearly identifiable cutting board?,cutting board,,surfaces,,,,cutting board,surfaces,,,,,,,,object_1,
single_attribute_020_identity_object_2,single_attribute_020,object_identity,Does the image contain a clearly identifiable thumbtack?,,thumbtack,,small_items,,,thumbtack,small_items,,,,,,,,object_2,
single_attribute_020_attribute_object_1,single_attribute_020,attribute,Does the image show a red-and-white striped cutting board?,cutting board,,surfaces,,,,cutting board,surfaces,,red-and-white striped,pattern_texture,red-and-white striped,pattern_texture,,,object_1,object_1
single_attribute_020_attribute_object_2,single_attribute_020,attribute,Does the image show a glossy white thumbtack?,,thumbtack,,small_items,,,thumbtack,small_items,,glossy white,material_finish,,,glossy white,material_finish,object_2,object_2
single_attribute_021_identity_object_1,single_attribute_021,object_identity,Does the image contain a clearly identifiable index card?,index card,,surfaces,,,,index card,surfaces,,,,,,,,object_1,
single_attribute_021_identity_object_2,single_attribute_021,object_identity,Does the image contain a clearly identifiable coin?,,coin,,small_items,,,coin,small_items,,,,,,,,object_2,
single_attribute_021_attribute_object_1,single_attribute_021,attribute,Does the image show a white speckled index card?,index card,,surfaces,,,,index card,surfaces,,white speckled,pattern_texture,white speckled,pattern_texture,,,object_1,object_1
single_attribute_021_attribute_object_2,single_attribute_021,attribute,Does the image show a glossy white coin?,,coin,,small_items,,,coin,small_items,,glossy white,material_finish,,,glossy white,material_finish,object_2,object_2
single_attribute_022_identity_object_1,single_attribute_022,object_identity,Does the image contain a clearly identifiable napkin?,napkin,,surfaces,,,,napkin,surfaces,,,,,,,,object_1,
single_attribute_022_identity_object_2,single_attribute_022,object_identity,Does the image contain a clearly identifiable sheet of paper?,,sheet of paper,,surfaces,,,sheet of paper,surfaces,,,,,,,,object_2,
single_attribute_022_attribute_object_1,single_attribute_022,attribute,Does the image show a white speckled napkin?,napkin,,surfaces,,,,napkin,surfaces,,white speckled,pattern_texture,white speckled,pattern_texture,,,object_1,object_1
single_attribute_022_attribute_object_2,single_attribute_022,attribute,Does the image show a black-and-white checkered sheet of paper?,,sheet of paper,,surfaces,,,sheet of paper,surfaces,,black-and-white checkered,pattern_texture,,,black-and-white checkered,pattern_texture,object_2,object_2
single_attribute_023_identity_object_1,single_attribute_023,object_identity,Does the image contain a clearly identifiable tray?,tray,,containers,,,,tray,containers,,,,,,,,object_1,
single_attribute_023_identity_object_2,single_attribute_023,object_identity,Does the image contain a clearly identifiable standard sewing button?,,standard sewing button,,small_items,,,standard sewing button,small_items,,,,,,,,object_2,
single_attribute_023_attribute_object_1,single_attribute_023,attribute,Does the image show a white speckled tray?,tray,,containers,,,,tray,containers,,white speckled,pattern_texture,white speckled,pattern_texture,,,object_1,object_1
single_attribute_023_attribute_object_2,single_attribute_023,attribute,Does the image show a plastic standard sewing button?,,standard sewing button,,small_items,,,standard sewing button,small_items,,plastic,material_finish,,,plastic,material_finish,object_2,object_2
single_attribute_024_identity_object_1,single_attribute_024,object_identity,Does the image contain a clearly identifiable sheet of paper?,sheet of paper,,surfaces,,,,sheet of paper,surfaces,,,,,,,,object_1,
single_attribute_024_identity_object_2,single_attribute_024,object_identity,Does the image contain a clearly identifiable bottle cap?,,bottle cap,,small_items,,,bottle cap,small_items,,,,,,,,object_2,
single_attribute_024_attribute_object_1,single_attribute_024,attribute,Does the image show a yellow-and-green polka-dotted sheet of paper?,sheet of paper,,surfaces,,,,sheet of paper,surfaces,,yellow-and-green polka-dotted,pattern_texture,yellow-and-green polka-dotted,pattern_texture,,,object_1,object_1
single_attribute_024_attribute_object_2,single_attribute_024,attribute,Does the image show a matte black bottle cap?,,bottle cap,,small_items,,,bottle cap,small_items,,matte black,material_finish,,,matte black,material_finish,object_2,object_2
single_cardinality_001_identity_object_1,single_cardinality_001,object_identity,Does the image contain a clearly identifiable bottle cap?,bottle cap,,small_items,,,,bottle cap,small_items,,,,,,,,object_1,
single_cardinality_001_cardinality,single_cardinality_001,cardinality,Does the image contain exactly 3 clearly visible bottle caps?,bottle cap,,small_items,,,,bottle cap,small_items,3,,,,,,,object_1,
single_cardinality_002_identity_object_1,single_cardinality_002,object_identity,Does the image contain a clearly identifiable bottle cap?,bottle cap,,small_items,,,,bottle cap,small_items,,,,,,,,object_1,
single_cardinality_002_cardinality,single_cardinality_002,cardinality,Does the image contain exactly 3 clearly visible bottle caps?,bottle cap,,small_items,,,,bottle cap,small_items,3,,,,,,,object_1,
single_cardinality_003_identity_object_1,single_cardinality_003,object_identity,Does the image contain a clearly identifiable small flat washer?,small flat washer,,small_items,,,,small flat washer,small_items,,,,,,,,object_1,
single_cardinality_003_cardinality,single_cardinality_003,cardinality,Does the image contain exactly 3 clearly visible small flat washers?,small flat washer,,small_items,,,,small flat washer,small_items,3,,,,,,,object_1,
single_cardinality_004_identity_object_1,single_cardinality_004,object_identity,Does the image contain a clearly identifiable standard sewing button?,standard sewing button,,small_items,,,,standard sewing button,small_items,,,,,,,,object_1,
single_cardinality_004_cardinality,single_cardinality_004,cardinality,Does the image contain exactly 3 clearly visible standard sewing buttons?,standard sewing button,,small_items,,,,standard sewing button,small_items,3,,,,,,,object_1,
single_cardinality_005_identity_object_1,single_cardinality_005,object_identity,Does the image contain a clearly identifiable coin?,coin,,small_items,,,,coin,small_items,,,,,,,,object_1,
single_cardinality_005_cardinality,single_cardinality_005,cardinality,Does the image contain exactly 3 clearly visible coins?,coin,,small_items,,,,coin,small_items,3,,,,,,,object_1,
single_cardinality_006_identity_object_1,single_cardinality_006,object_identity,Does the image contain a clearly identifiable standard sewing button?,standard sewing button,,small_items,,,,standard sewing button,small_items,,,,,,,,object_1,
single_cardinality_006_cardinality,single_cardinality_006,cardinality,Does the image contain exactly 3 clearly visible standard sewing buttons?,standard sewing button,,small_items,,,,standard sewing button,small_items,3,,,,,,,object_1,
single_cardinality_007_identity_object_1,single_cardinality_007,object_identity,Does the image contain a clearly identifiable small flat washer?,small flat washer,,small_items,,,,small flat washer,small_items,,,,,,,,object_1,
single_cardinality_007_cardinality,single_cardinality_007,cardinality,Does the image contain exactly 4 clearly visible small flat washers?,small flat washer,,small_items,,,,small flat washer,small_items,4,,,,,,,object_1,
single_cardinality_008_identity_object_1,single_cardinality_008,object_identity,Does the image contain a clearly identifiable small flat washer?,small flat washer,,small_items,,,,small flat washer,small_items,,,,,,,,object_1,
single_cardinality_008_cardinality,single_cardinality_008,cardinality,Does the image contain exactly 4 clearly visible small flat washers?,small flat washer,,small_items,,,,small flat washer,small_items,4,,,,,,,object_1,
single_cardinality_009_identity_object_1,single_cardinality_009,object_identity,Does the image contain a clearly identifiable small paper clip?,small paper clip,,small_items,,,,small paper clip,small_items,,,,,,,,object_1,
single_cardinality_009_cardinality,single_cardinality_009,cardinality,Does the image contain exactly 4 clearly visible small paper clips?,small paper clip,,small_items,,,,small paper clip,small_items,4,,,,,,,object_1,
single_cardinality_010_identity_object_1,single_cardinality_010,object_identity,Does the image contain a clearly identifiable thin rubber band?,thin rubber band,,small_items,,,,thin rubber band,small_items,,,,,,,,object_1,
single_cardinality_010_cardinality,single_cardinality_010,cardinality,Does the image contain exactly 4 clearly visible thin rubber bands?,thin rubber band,,small_items,,,,thin rubber band,small_items,4,,,,,,,object_1,
single_cardinality_011_identity_object_1,single_cardinality_011,object_identity,Does the image contain a clearly identifiable standard safety pin?,standard safety pin,,small_items,,,,standard safety pin,small_items,,,,,,,,object_1,
single_cardinality_011_cardinality,single_cardinality_011,cardinality,Does the image contain exactly 4 clearly visible standard safety pins?,standard safety pin,,small_items,,,,standard safety pin,small_items,4,,,,,,,object_1,
single_cardinality_012_identity_object_1,single_cardinality_012,object_identity,Does the image contain a clearly identifiable thumbtack?,thumbtack,,small_items,,,,thumbtack,small_items,,,,,,,,object_1,
single_cardinality_012_cardinality,single_cardinality_012,cardinality,Does the image contain exactly 4 clearly visible thumbtacks?,thumbtack,,small_items,,,,thumbtack,small_items,4,,,,,,,object_1,
single_cardinality_013_identity_object_1,single_cardinality_013,object_identity,Does the image contain a clearly identifiable coin?,coin,,small_items,,,,coin,small_items,,,,,,,,object_1,
single_cardinality_013_cardinality,single_cardinality_013,cardinality,Does the image contain exactly 5 clearly visible coins?,coin,,small_items,,,,coin,small_items,5,,,,,,,object_1,
single_cardinality_014_identity_object_1,single_cardinality_014,object_identity,Does the image contain a clearly identifiable small flat washer?,small flat washer,,small_items,,,,small flat washer,small_items,,,,,,,,object_1,
single_cardinality_014_cardinality,single_cardinality_014,cardinality,Does the image contain exactly 5 clearly visible small flat washers?,small flat washer,,small_items,,,,small flat washer,small_items,5,,,,,,,object_1,
single_cardinality_015_identity_object_1,single_cardinality_015,object_identity,Does the image contain a clearly identifiable thumbtack?,thumbtack,,small_items,,,,thumbtack,small_items,,,,,,,,object_1,
single_cardinality_015_cardinality,single_cardinality_015,cardinality,Does the image contain exactly 5 clearly visible thumbtacks?,thumbtack,,small_items,,,,thumbtack,small_items,5,,,,,,,object_1,
single_cardinality_016_identity_object_1,single_cardinality_016,object_identity,Does the image contain a clearly identifiable small flat washer?,small flat washer,,small_items,,,,small flat washer,small_items,,,,,,,,object_1,
single_cardinality_016_cardinality,single_cardinality_016,cardinality,Does the image contain exactly 5 clearly visible small flat washers?,small flat washer,,small_items,,,,small flat washer,small_items,5,,,,,,,object_1,
single_cardinality_017_identity_object_1,single_cardinality_017,object_identity,Does the image contain a clearly identifiable small paper clip?,small paper clip,,small_items,,,,small paper clip,small_items,,,,,,,,object_1,
single_cardinality_017_cardinality,single_cardinality_017,cardinality,Does the image contain exactly 5 clearly visible small paper clips?,small paper clip,,small_items,,,,small paper clip,small_items,5,,,,,,,object_1,
single_cardinality_018_identity_object_1,single_cardinality_018,object_identity,Does the image contain a clearly identifiable thin rubber band?,thin rubber band,,small_items,,,,thin rubber band,small_items,,,,,,,,object_1,
single_cardinality_018_cardinality,single_cardinality_018,cardinality,Does the image contain exactly 5 clearly visible thin rubber bands?,thin rubber band,,small_items,,,,thin rubber band,small_items,5,,,,,,,object_1,
single_cardinality_019_identity_object_1,single_cardinality_019,object_identity,Does the image contain a clearly identifiable coin?,coin,,small_items,,,,coin,small_items,,,,,,,,object_1,
single_cardinality_019_cardinality,single_cardinality_019,cardinality,Does the image contain exactly 6 clearly visible coins?,coin,,small_items,,,,coin,small_items,6,,,,,,,object_1,
single_cardinality_020_identity_object_1,single_cardinality_020,object_identity,Does the image contain a clearly identifiable standard sewing button?,standard sewing button,,small_items,,,,standard sewing button,small_items,,,,,,,,object_1,
single_cardinality_020_cardinality,single_cardinality_020,cardinality,Does the image contain exactly 6 clearly visible standard sewing buttons?,standard sewing button,,small_items,,,,standard sewing button,small_items,6,,,,,,,object_1,
single_cardinality_021_identity_object_1,single_cardinality_021,object_identity,Does the image contain a clearly identifiable thin rubber band?,thin rubber band,,small_items,,,,thin rubber band,small_items,,,,,,,,object_1,
single_cardinality_021_cardinality,single_cardinality_021,cardinality,Does the image contain exactly 6 clearly visible thin rubber bands?,thin rubber band,,small_items,,,,thin rubber band,small_items,6,,,,,,,object_1,
single_cardinality_022_identity_object_1,single_cardinality_022,object_identity,Does the image contain a clearly identifiable bottle cap?,bottle cap,,small_items,,,,bottle cap,small_items,,,,,,,,object_1,
single_cardinality_022_cardinality,single_cardinality_022,cardinality,Does the image contain exactly 6 clearly visible bottle caps?,bottle cap,,small_items,,,,bottle cap,small_items,6,,,,,,,object_1,
single_cardinality_023_identity_object_1,single_cardinality_023,object_identity,Does the image contain a clearly identifiable small flat washer?,small flat washer,,small_items,,,,small flat washer,small_items,,,,,,,,object_1,
single_cardinality_023_cardinality,single_cardinality_023,cardinality,Does the image contain exactly 6 clearly visible small flat washers?,small flat washer,,small_items,,,,small flat washer,small_items,6,,,,,,,object_1,
single_cardinality_024_identity_object_1,single_cardinality_024,object_identity,Does the image contain a clearly identifiable small paper clip?,small paper clip,,small_items,,,,small paper clip,small_items,,,,,,,,object_1,
single_cardinality_024_cardinality,single_cardinality_024,cardinality,Does the image contain exactly 6 clearly visible small paper clips?,small paper clip,,small_items,,,,small paper clip,small_items,6,,,,,,,object_1,
combined_spatial_attribute_001_identity_object_1,combined_spatial_attribute_001,object_identity,Does the image contain a clearly identifiable die?,die,,small_items,,,,die,small_items,,,,,,,,object_1,
combined_spatial_attribute_001_identity_object_2,combined_spatial_attribute_001,object_identity,Does the image contain a clearly identifiable small box?,,small box,,containers,,,small box,containers,,,,,,,,object_2,
combined_spatial_attribute_001_attribute_object_1,combined_spatial_attribute_001,attribute,Does the image show a ceramic die?,die,,small_items,,,,die,small_items,,ceramic,material_finish,ceramic,material_finish,,,object_1,object_1
combined_spatial_attribute_001_attribute_object_2,combined_spatial_attribute_001,attribute,Does the image show a yellow-and-green polka-dotted small box?,,small box,,containers,,,small box,containers,,yellow-and-green polka-dotted,pattern_texture,,,yellow-and-green polka-dotted,pattern_texture,object_2,object_2
combined_spatial_attribute_001_spatial,combined_spatial_attribute_001,spatial_relation,Does the image show a die inside a small box?,die,small box,small_items,containers,inside,inside,,,,,,,,,,,
combined_spatial_attribute_002_identity_object_1,combined_spatial_attribute_002,object_identity,Does the image contain a clearly identifiable small paper clip?,small paper clip,,small_items,,,,small paper clip,small_items,,,,,,,,object_1,
combined_spatial_attribute_002_identity_object_2,combined_spatial_attribute_002,object_identity,Does the image contain a clearly identifiable serving bowl?,,serving bowl,,containers,,,serving bowl,containers,,,,,,,,object_2,
combined_spatial_attribute_002_attribute_object_1,combined_spatial_attribute_002,attribute,Does the image show a glossy white small paper clip?,small paper clip,,small_items,,,,small paper clip,small_items,,glossy white,material_finish,glossy white,material_finish,,,object_1,object_1
combined_spatial_attribute_002_attribute_object_2,combined_spatial_attribute_002,attribute,Does the image show a white speckled serving bowl?,,serving bowl,,containers,,,serving bowl,containers,,white speckled,pattern_texture,,,white speckled,pattern_texture,object_2,object_2
combined_spatial_attribute_002_spatial,combined_spatial_attribute_002,spatial_relation,Does the image show a small paper clip inside a serving bowl?,small paper clip,serving bowl,small_items,containers,inside,inside,,,,,,,,,,,
combined_spatial_attribute_003_identity_object_1,combined_spatial_attribute_003,object_identity,Does the image contain a clearly identifiable standard safety pin?,standard safety pin,,small_items,,,,standard safety pin,small_items,,,,,,,,object_1,
combined_spatial_attribute_003_identity_object_2,combined_spatial_attribute_003,object_identity,Does the image contain a clearly identifiable small box?,,small box,,containers,,,small box,containers,,,,,,,,object_2,
combined_spatial_attribute_003_attribute_object_1,combined_spatial_attribute_003,attribute,Does the image show a glossy white standard safety pin?,standard safety pin,,small_items,,,,standard safety pin,small_items,,glossy white,material_finish,glossy white,material_finish,,,object_1,object_1
combined_spatial_attribute_003_attribute_object_2,combined_spatial_attribute_003,attribute,Does the image show a transparent glass small box?,,small box,,containers,,,small box,containers,,transparent glass,material_finish,,,transparent glass,material_finish,object_2,object_2
combined_spatial_attribute_003_spatial,combined_spatial_attribute_003,spatial_relation,Does the image show a standard safety pin inside a small box?,standard safety pin,small box,small_items,containers,inside,inside,,,,,,,,,,,
combined_spatial_attribute_004_identity_object_1,combined_spatial_attribute_004,object_identity,Does the image contain a clearly identifiable standard sewing button?,standard sewing button,,small_items,,,,standard sewing button,small_items,,,,,,,,object_1,
combined_spatial_attribute_004_identity_object_2,combined_spatial_attribute_004,object_identity,Does the image contain a clearly identifiable small box?,,small box,,containers,,,small box,containers,,,,,,,,object_2,
combined_spatial_attribute_004_attribute_object_1,combined_spatial_attribute_004,attribute,Does the image show a matte black standard sewing button?,standard sewing button,,small_items,,,,standard sewing button,small_items,,matte black,material_finish,matte black,material_finish,,,object_1,object_1
combined_spatial_attribute_004_attribute_object_2,combined_spatial_attribute_004,attribute,Does the image show a plastic small box?,,small box,,containers,,,small box,containers,,plastic,material_finish,,,plastic,material_finish,object_2,object_2
combined_spatial_attribute_004_spatial,combined_spatial_attribute_004,spatial_relation,Does the image show a standard sewing button inside a small box?,standard sewing button,small box,small_items,containers,inside,inside,,,,,,,,,,,
combined_spatial_attribute_005_identity_object_1,combined_spatial_attribute_005,object_identity,Does the image contain a clearly identifiable standard safety pin?,standard safety pin,,small_items,,,,standard safety pin,small_items,,,,,,,,object_1,
combined_spatial_attribute_005_identity_object_2,combined_spatial_attribute_005,object_identity,Does the image contain a clearly identifiable food container?,,food container,,containers,,,food container,containers,,,,,,,,object_2,
combined_spatial_attribute_005_attribute_object_1,combined_spatial_attribute_005,attribute,Does the image show a plastic standard safety pin?,standard safety pin,,small_items,,,,standard safety pin,small_items,,plastic,material_finish,plastic,material_finish,,,object_1,object_1
combined_spatial_attribute_005_attribute_object_2,combined_spatial_attribute_005,attribute,Does the image show a matte black food container?,,food container,,containers,,,food container,containers,,matte black,material_finish,,,matte black,material_finish,object_2,object_2
combined_spatial_attribute_005_spatial,combined_spatial_attribute_005,spatial_relation,Does the image show a standard safety pin inside a food container?,standard safety pin,food container,small_items,containers,inside,inside,,,,,,,,,,,
combined_spatial_attribute_006_identity_object_1,combined_spatial_attribute_006,object_identity,Does the image contain a clearly identifiable bottle cap?,bottle cap,,small_items,,,,bottle cap,small_items,,,,,,,,object_1,
combined_spatial_attribute_006_identity_object_2,combined_spatial_attribute_006,object_identity,Does the image contain a clearly identifiable cup?,,cup,,containers,,,cup,containers,,,,,,,,object_2,
combined_spatial_attribute_006_attribute_object_1,combined_spatial_attribute_006,attribute,Does the image show a reflective metallic bottle cap?,bottle cap,,small_items,,,,bottle cap,small_items,,reflective metallic,material_finish,reflective metallic,material_finish,,,object_1,object_1
combined_spatial_attribute_006_attribute_object_2,combined_spatial_attribute_006,attribute,Does the image show a white speckled cup?,,cup,,containers,,,cup,containers,,white speckled,pattern_texture,,,white speckled,pattern_texture,object_2,object_2
combined_spatial_attribute_006_spatial,combined_spatial_attribute_006,spatial_relation,Does the image show a bottle cap inside a cup?,bottle cap,cup,small_items,containers,inside,inside,,,,,,,,,,,
combined_spatial_attribute_007_identity_object_1,combined_spatial_attribute_007,object_identity,Does the image contain a clearly identifiable small paper clip?,small paper clip,,small_items,,,,small paper clip,small_items,,,,,,,,object_1,
combined_spatial_attribute_007_identity_object_2,combined_spatial_attribute_007,object_identity,Does the image contain a clearly identifiable serving bowl?,,serving bowl,,containers,,,serving bowl,containers,,,,,,,,object_2,
combined_spatial_attribute_007_attribute_object_1,combined_spatial_attribute_007,attribute,Does the image show a glossy white small paper clip?,small paper clip,,small_items,,,,small paper clip,small_items,,glossy white,material_finish,glossy white,material_finish,,,object_1,object_1
combined_spatial_attribute_007_attribute_object_2,combined_spatial_attribute_007,attribute,Does the image show a transparent glass serving bowl?,,serving bowl,,containers,,,serving bowl,containers,,transparent glass,material_finish,,,transparent glass,material_finish,object_2,object_2
combined_spatial_attribute_007_spatial,combined_spatial_attribute_007,spatial_relation,Does the image show a small paper clip to the left of a serving bowl?,small paper clip,serving bowl,small_items,containers,left_of,to the left of,,,,,,,,,,,
combined_spatial_attribute_008_identity_object_1,combined_spatial_attribute_008,object_identity,Does the image contain a clearly identifiable standard sewing button?,standard sewing button,,small_items,,,,standard sewing button,small_items,,,,,,,,object_1,
combined_spatial_attribute_008_identity_object_2,combined_spatial_attribute_008,object_identity,Does the image contain a clearly identifiable coin?,,coin,,small_items,,,coin,small_items,,,,,,,,object_2,
combined_spatial_attribute_008_attribute_object_1,combined_spatial_attribute_008,attribute,Does the image show a matte black standard sewing button?,standard sewing button,,small_items,,,,standard sewing button,small_items,,matte black,material_finish,matte black,material_finish,,,object_1,object_1
combined_spatial_attribute_008_attribute_object_2,combined_spatial_attribute_008,attribute,Does the image show a ceramic coin?,,coin,,small_items,,,coin,small_items,,ceramic,material_finish,,,ceramic,material_finish,object_2,object_2
combined_spatial_attribute_008_spatial,combined_spatial_attribute_008,spatial_relation,Does the image show a standard sewing button to the left of a coin?,standard sewing button,coin,small_items,small_items,left_of,to the left of,,,,,,,,,,,
combined_spatial_attribute_009_identity_object_1,combined_spatial_attribute_009,object_identity,Does the image contain a clearly identifiable standard sewing button?,standard sewing button,,small_items,,,,standard sewing button,small_items,,,,,,,,object_1,
combined_spatial_attribute_009_identity_object_2,combined_spatial_attribute_009,object_identity,Does the image contain a clearly identifiable small flat washer?,,small flat washer,,small_items,,,small flat washer,small_items,,,,,,,,object_2,
combined_spatial_attribute_009_attribute_object_1,combined_spatial_attribute_009,attribute,Does the image show a matte black standard sewing button?,standard sewing button,,small_items,,,,standard sewing button,small_items,,matte black,material_finish,matte black,material_finish,,,object_1,object_1
combined_spatial_attribute_009_attribute_object_2,combined_spatial_attribute_009,attribute,Does the image show a reflective metallic small flat washer?,,small flat washer,,small_items,,,small flat washer,small_items,,reflective metallic,material_finish,,,reflective metallic,material_finish,object_2,object_2
combined_spatial_attribute_009_spatial,combined_spatial_attribute_009,spatial_relation,Does the image show a standard sewing button to the left of a small flat washer?,standard sewing button,small flat washer,small_items,small_items,left_of,to the left of,,,,,,,,,,,
combined_spatial_attribute_010_identity_object_1,combined_spatial_attribute_010,object_identity,Does the image contain a clearly identifiable food container?,food container,,containers,,,,food container,containers,,,,,,,,object_1,
combined_spatial_attribute_010_identity_object_2,combined_spatial_attribute_010,object_identity,Does the image contain a clearly identifiable plate?,,plate,,surfaces,,,plate,surfaces,,,,,,,,object_2,
combined_spatial_attribute_010_attribute_object_1,combined_spatial_attribute_010,attribute,Does the image show a yellow-and-green polka-dotted food container?,food container,,containers,,,,food container,containers,,yellow-and-green polka-dotted,pattern_texture,yellow-and-green polka-dotted,pattern_texture,,,object_1,object_1
combined_spatial_attribute_010_attribute_object_2,combined_spatial_attribute_010,attribute,Does the image show a blue-and-white striped plate?,,plate,,surfaces,,,plate,surfaces,,blue-and-white striped,pattern_texture,,,blue-and-white striped,pattern_texture,object_2,object_2
combined_spatial_attribute_010_spatial,combined_spatial_attribute_010,spatial_relation,Does the image show a food container to the left of a plate?,food container,plate,containers,surfaces,left_of,to the left of,,,,,,,,,,,
combined_spatial_attribute_011_identity_object_1,combined_spatial_attribute_011,object_identity,Does the image contain a clearly identifiable small box?,small box,,containers,,,,small box,containers,,,,,,,,object_1,
combined_spatial_attribute_011_identity_object_2,combined_spatial_attribute_011,object_identity,Does the image contain a clearly identifiable standard sewing button?,,standard sewing button,,small_items,,,standard sewing button,small_items,,,,,,,,object_2,
combined_spatial_attribute_011_attribute_object_1,combined_spatial_attribute_011,attribute,Does the image show a yellow-and-green polka-dotted small box?,small box,,containers,,,,small box,containers,,yellow-and-green polka-dotted,pattern_texture,yellow-and-green polka-dotted,pattern_texture,,,object_1,object_1
combined_spatial_attribute_011_attribute_object_2,combined_spatial_attribute_011,attribute,Does the image show a plastic standard sewing button?,,standard sewing button,,small_items,,,standard sewing button,small_items,,plastic,material_finish,,,plastic,material_finish,object_2,object_2
combined_spatial_attribute_011_spatial,combined_spatial_attribute_011,spatial_relation,Does the image show a small box to the left of a standard sewing button?,small box,standard sewing button,containers,small_items,left_of,to the left of,,,,,,,,,,,
combined_spatial_attribute_012_identity_object_1,combined_spatial_attribute_012,object_identity,Does the image contain a clearly identifiable plate?,plate,,surfaces,,,,plate,surfaces,,,,,,,,object_1,
combined_spatial_attribute_012_identity_object_2,combined_spatial_attribute_012,object_identity,Does the image contain a clearly identifiable die?,,die,,small_items,,,die,small_items,,,,,,,,object_2,
combined_spatial_attribute_012_attribute_object_1,combined_spatial_attribute_012,attribute,Does the image show a yellow-and-green polka-dotted plate?,plate,,surfaces,,,,plate,surfaces,,yellow-and-green polka-dotted,pattern_texture,yellow-and-green polka-dotted,pattern_texture,,,object_1,object_1
combined_spatial_attribute_012_attribute_object_2,combined_spatial_attribute_012,attribute,Does the image show a plastic die?,,die,,small_items,,,die,small_items,,plastic,material_finish,,,plastic,material_finish,object_2,object_2
combined_spatial_attribute_012_spatial,combined_spatial_attribute_012,spatial_relation,Does the image show a plate to the left of a die?,plate,die,surfaces,small_items,left_of,to the left of,,,,,,,,,,,
combined_spatial_attribute_013_identity_object_1,combined_spatial_attribute_013,object_identity,Does the image contain a clearly identifiable thin rubber band?,thin rubber band,,small_items,,,,thin rubber band,small_items,,,,,,,,object_1,
combined_spatial_attribute_013_identity_object_2,combined_spatial_attribute_013,object_identity,Does the image contain a clearly identifiable cutting board?,,cutting board,,surfaces,,,cutting board,surfaces,,,,,,,,object_2,
combined_spatial_attribute_013_attribute_object_1,combined_spatial_attribute_013,attribute,Does the image show a ceramic thin rubber band?,thin rubber band,,small_items,,,,thin rubber band,small_items,,ceramic,material_finish,ceramic,material_finish,,,object_1,object_1
combined_spatial_attribute_013_attribute_object_2,combined_spatial_attribute_013,attribute,Does the image show a yellow-and-green polka-dotted cutting board?,,cutting board,,surfaces,,,cutting board,surfaces,,yellow-and-green polka-dotted,pattern_texture,,,yellow-and-green polka-dotted,pattern_texture,object_2,object_2
combined_spatial_attribute_013_spatial,combined_spatial_attribute_013,spatial_relation,Does the image show a thin rubber band on top of a cutting board?,thin rubber band,cutting board,small_items,surfaces,on_top_of,on top of,,,,,,,,,,,
combined_spatial_attribute_014_identity_object_1,combined_spatial_attribute_014,object_identity,Does the image contain a clearly identifiable bottle cap?,bottle cap,,small_items,,,,bottle cap,small_items,,,,,,,,object_1,
combined_spatial_attribute_014_identity_object_2,combined_spatial_attribute_014,object_identity,Does the image contain a clearly identifiable serving bowl?,,serving bowl,,containers,,,serving bowl,containers,,,,,,,,object_2,
combined_spatial_attribute_014_attribute_object_1,combined_spatial_attribute_014,attribute,Does the image show a reflective metallic bottle cap?,bottle cap,,small_items,,,,bottle cap,small_items,,reflective metallic,material_finish,reflective metallic,material_finish,,,object_1,object_1
combined_spatial_attribute_014_attribute_object_2,combined_spatial_attribute_014,attribute,Does the image show a plastic serving bowl?,,serving bowl,,containers,,,serving bowl,containers,,plastic,material_finish,,,plastic,material_finish,object_2,object_2
combined_spatial_attribute_014_spatial,combined_spatial_attribute_014,spatial_relation,Does the image show a bottle cap on top of a serving bowl?,bottle cap,serving bowl,small_items,containers,on_top_of,on top of,,,,,,,,,,,
combined_spatial_attribute_015_identity_object_1,combined_spatial_attribute_015,object_identity,Does the image contain a clearly identifiable coin?,coin,,small_items,,,,coin,small_items,,,,,,,,object_1,
combined_spatial_attribute_015_identity_object_2,combined_spatial_attribute_015,object_identity,Does the image contain a clearly identifiable tray?,,tray,,containers,,,tray,containers,,,,,,,,object_2,
combined_spatial_attribute_015_attribute_object_1,combined_spatial_attribute_015,attribute,Does the image show a transparent glass coin?,coin,,small_items,,,,coin,small_items,,transparent glass,material_finish,transparent glass,material_finish,,,object_1,object_1
combined_spatial_attribute_015_attribute_object_2,combined_spatial_attribute_015,attribute,Does the image show a matte black tray?,,tray,,containers,,,tray,containers,,matte black,material_finish,,,matte black,material_finish,object_2,object_2
combined_spatial_attribute_015_spatial,combined_spatial_attribute_015,spatial_relation,Does the image show a coin on top of a tray?,coin,tray,small_items,containers,on_top_of,on top of,,,,,,,,,,,
combined_spatial_attribute_016_identity_object_1,combined_spatial_attribute_016,object_identity,Does the image contain a clearly identifiable standard safety pin?,standard safety pin,,small_items,,,,standard safety pin,small_items,,,,,,,,object_1,
combined_spatial_attribute_016_identity_object_2,combined_spatial_attribute_016,object_identity,Does the image contain a clearly identifiable small box?,,small box,,containers,,,small box,containers,,,,,,,,object_2,
combined_spatial_attribute_016_attribute_object_1,combined_spatial_attribute_016,attribute,Does the image show a glossy white standard safety pin?,standard safety pin,,small_items,,,,standard safety pin,small_items,,glossy white,material_finish,glossy white,material_finish,,,object_1,object_1
combined_spatial_attribute_016_attribute_object_2,combined_spatial_attribute_016,attribute,Does the image show a reflective metallic small box?,,small box,,containers,,,small box,containers,,reflective metallic,material_finish,,,reflective metallic,material_finish,object_2,object_2
combined_spatial_attribute_016_spatial,combined_spatial_attribute_016,spatial_relation,Does the image show a standard safety pin on top of a small box?,standard safety pin,small box,small_items,containers,on_top_of,on top of,,,,,,,,,,,
combined_spatial_attribute_017_identity_object_1,combined_spatial_attribute_017,object_identity,Does the image contain a clearly identifiable coin?,coin,,small_items,,,,coin,small_items,,,,,,,,object_1,
combined_spatial_attribute_017_identity_object_2,combined_spatial_attribute_017,object_identity,Does the image contain a clearly identifiable food container?,,food container,,containers,,,food container,containers,,,,,,,,object_2,
combined_spatial_attribute_017_attribute_object_1,combined_spatial_attribute_017,attribute,Does the image show a matte black coin?,coin,,small_items,,,,coin,small_items,,matte black,material_finish,matte black,material_finish,,,object_1,object_1
combined_spatial_attribute_017_attribute_object_2,combined_spatial_attribute_017,attribute,Does the image show a reflective metallic food container?,,food container,,containers,,,food container,containers,,reflective metallic,material_finish,,,reflective metallic,material_finish,object_2,object_2
combined_spatial_attribute_017_spatial,combined_spatial_attribute_017,spatial_relation,Does the image show a coin on top of a food container?,coin,food container,small_items,containers,on_top_of,on top of,,,,,,,,,,,
combined_spatial_attribute_018_identity_object_1,combined_spatial_attribute_018,object_identity,Does the image contain a clearly identifiable standard sewing button?,standard sewing button,,small_items,,,,standard sewing button,small_items,,,,,,,,object_1,
combined_spatial_attribute_018_identity_object_2,combined_spatial_attribute_018,object_identity,Does the image contain a clearly identifiable serving bowl?,,serving bowl,,containers,,,serving bowl,containers,,,,,,,,object_2,
combined_spatial_attribute_018_attribute_object_1,combined_spatial_attribute_018,attribute,Does the image show a matte black standard sewing button?,standard sewing button,,small_items,,,,standard sewing button,small_items,,matte black,material_finish,matte black,material_finish,,,object_1,object_1
combined_spatial_attribute_018_attribute_object_2,combined_spatial_attribute_018,attribute,Does the image show a multicolored serving bowl?,,serving bowl,,containers,,,serving bowl,containers,,multicolored,pattern_texture,,,multicolored,pattern_texture,object_2,object_2
combined_spatial_attribute_018_spatial,combined_spatial_attribute_018,spatial_relation,Does the image show a standard sewing button on top of a serving bowl?,standard sewing button,serving bowl,small_items,containers,on_top_of,on top of,,,,,,,,,,,
combined_spatial_attribute_019_identity_object_1,combined_spatial_attribute_019,object_identity,Does the image contain a clearly identifiable marble?,marble,,small_items,,,,marble,small_items,,,,,,,,object_1,
combined_spatial_attribute_019_identity_object_2,combined_spatial_attribute_019,object_identity,Does the image contain a clearly identifiable serving bowl?,,serving bowl,,containers,,,serving bowl,containers,,,,,,,,object_2,
combined_spatial_attribute_019_attribute_object_1,combined_spatial_attribute_019,attribute,Does the image show a reflective metallic marble?,marble,,small_items,,,,marble,small_items,,reflective metallic,material_finish,reflective metallic,material_finish,,,object_1,object_1
combined_spatial_attribute_019_attribute_object_2,combined_spatial_attribute_019,attribute,Does the image show a glossy white serving bowl?,,serving bowl,,containers,,,serving bowl,containers,,glossy white,material_finish,,,glossy white,material_finish,object_2,object_2
combined_spatial_attribute_019_spatial,combined_spatial_attribute_019,spatial_relation,Does the image show a marble outside a serving bowl?,marble,serving bowl,small_items,containers,outside,outside,,,,,,,,,,,
combined_spatial_attribute_020_identity_object_1,combined_spatial_attribute_020,object_identity,Does the image contain a clearly identifiable thin rubber band?,thin rubber band,,small_items,,,,thin rubber band,small_items,,,,,,,,object_1,
combined_spatial_attribute_020_identity_object_2,combined_spatial_attribute_020,object_identity,Does the image contain a clearly identifiable tray?,,tray,,containers,,,tray,containers,,,,,,,,object_2,
combined_spatial_attribute_020_attribute_object_1,combined_spatial_attribute_020,attribute,Does the image show a reflective metallic thin rubber band?,thin rubber band,,small_items,,,,thin rubber band,small_items,,reflective metallic,material_finish,reflective metallic,material_finish,,,object_1,object_1
combined_spatial_attribute_020_attribute_object_2,combined_spatial_attribute_020,attribute,Does the image show a plastic tray?,,tray,,containers,,,tray,containers,,plastic,material_finish,,,plastic,material_finish,object_2,object_2
combined_spatial_attribute_020_spatial,combined_spatial_attribute_020,spatial_relation,Does the image show a thin rubber band outside a tray?,thin rubber band,tray,small_items,containers,outside,outside,,,,,,,,,,,
combined_spatial_attribute_021_identity_object_1,combined_spatial_attribute_021,object_identity,Does the image contain a clearly identifiable marble?,marble,,small_items,,,,marble,small_items,,,,,,,,object_1,
combined_spatial_attribute_021_identity_object_2,combined_spatial_attribute_021,object_identity,Does the image contain a clearly identifiable food container?,,food container,,containers,,,food container,containers,,,,,,,,object_2,
combined_spatial_attribute_021_attribute_object_1,combined_spatial_attribute_021,attribute,Does the image show a transparent glass marble?,marble,,small_items,,,,marble,small_items,,transparent glass,material_finish,transparent glass,material_finish,,,object_1,object_1
combined_spatial_attribute_021_attribute_object_2,combined_spatial_attribute_021,attribute,Does the image show a matte black food container?,,food container,,containers,,,food container,containers,,matte black,material_finish,,,matte black,material_finish,object_2,object_2
combined_spatial_attribute_021_spatial,combined_spatial_attribute_021,spatial_relation,Does the image show a marble outside a food container?,marble,food container,small_items,containers,outside,outside,,,,,,,,,,,
combined_spatial_attribute_022_identity_object_1,combined_spatial_attribute_022,object_identity,Does the image contain a clearly identifiable marble?,marble,,small_items,,,,marble,small_items,,,,,,,,object_1,
combined_spatial_attribute_022_identity_object_2,combined_spatial_attribute_022,object_identity,Does the image contain a clearly identifiable tray?,,tray,,containers,,,tray,containers,,,,,,,,object_2,
combined_spatial_attribute_022_attribute_object_1,combined_spatial_attribute_022,attribute,Does the image show a transparent glass marble?,marble,,small_items,,,,marble,small_items,,transparent glass,material_finish,transparent glass,material_finish,,,object_1,object_1
combined_spatial_attribute_022_attribute_object_2,combined_spatial_attribute_022,attribute,Does the image show a multicolored tray?,,tray,,containers,,,tray,containers,,multicolored,pattern_texture,,,multicolored,pattern_texture,object_2,object_2
combined_spatial_attribute_022_spatial,combined_spatial_attribute_022,spatial_relation,Does the image show a marble outside a tray?,marble,tray,small_items,containers,outside,outside,,,,,,,,,,,
combined_spatial_attribute_023_identity_object_1,combined_spatial_attribute_023,object_identity,Does the image contain a clearly identifiable bottle cap?,bottle cap,,small_items,,,,bottle cap,small_items,,,,,,,,object_1,
combined_spatial_attribute_023_identity_object_2,combined_spatial_attribute_023,object_identity,Does the image contain a clearly identifiable tray?,,tray,,containers,,,tray,containers,,,,,,,,object_2,
combined_spatial_attribute_023_attribute_object_1,combined_spatial_attribute_023,attribute,Does the image show a ceramic bottle cap?,bottle cap,,small_items,,,,bottle cap,small_items,,ceramic,material_finish,ceramic,material_finish,,,object_1,object_1
combined_spatial_attribute_023_attribute_object_2,combined_spatial_attribute_023,attribute,Does the image show a plastic tray?,,tray,,containers,,,tray,containers,,plastic,material_finish,,,plastic,material_finish,object_2,object_2
combined_spatial_attribute_023_spatial,combined_spatial_attribute_023,spatial_relation,Does the image show a bottle cap outside a tray?,bottle cap,tray,small_items,containers,outside,outside,,,,,,,,,,,
combined_spatial_attribute_024_identity_object_1,combined_spatial_attribute_024,object_identity,Does the image contain a clearly identifiable bottle cap?,bottle cap,,small_items,,,,bottle cap,small_items,,,,,,,,object_1,
combined_spatial_attribute_024_identity_object_2,combined_spatial_attribute_024,object_identity,Does the image contain a clearly identifiable cup?,,cup,,containers,,,cup,containers,,,,,,,,object_2,
combined_spatial_attribute_024_attribute_object_1,combined_spatial_attribute_024,attribute,Does the image show a glossy white bottle cap?,bottle cap,,small_items,,,,bottle cap,small_items,,glossy white,material_finish,glossy white,material_finish,,,object_1,object_1
combined_spatial_attribute_024_attribute_object_2,combined_spatial_attribute_024,attribute,Does the image show a reflective metallic cup?,,cup,,containers,,,cup,containers,,reflective metallic,material_finish,,,reflective metallic,material_finish,object_2,object_2
combined_spatial_attribute_024_spatial,combined_spatial_attribute_024,spatial_relation,Does the image show a bottle cap outside a cup?,bottle cap,cup,small_items,containers,outside,outside,,,,,,,,,,,
combined_spatial_attribute_025_identity_object_1,combined_spatial_attribute_025,object_identity,Does the image contain a clearly identifiable serving bowl?,serving bowl,,containers,,,,serving bowl,containers,,,,,,,,object_1,
combined_spatial_attribute_025_identity_object_2,combined_spatial_attribute_025,object_identity,Does the image contain a clearly identifiable tray?,,tray,,containers,,,tray,containers,,,,,,,,object_2,
combined_spatial_attribute_025_attribute_object_1,combined_spatial_attribute_025,attribute,Does the image show a matte black serving bowl?,serving bowl,,containers,,,,serving bowl,containers,,matte black,material_finish,matte black,material_finish,,,object_1,object_1
combined_spatial_attribute_025_attribute_object_2,combined_spatial_attribute_025,attribute,Does the image show a white speckled tray?,,tray,,containers,,,tray,containers,,white speckled,pattern_texture,,,white speckled,pattern_texture,object_2,object_2
combined_spatial_attribute_025_spatial,combined_spatial_attribute_025,spatial_relation,Does the image show a serving bowl to the right of a tray?,serving bowl,tray,containers,containers,right_of,to the right of,,,,,,,,,,,
combined_spatial_attribute_026_identity_object_1,combined_spatial_attribute_026,object_identity,Does the image contain a clearly identifiable thin rubber band?,thin rubber band,,small_items,,,,thin rubber band,small_items,,,,,,,,object_1,
combined_spatial_attribute_026_identity_object_2,combined_spatial_attribute_026,object_identity,Does the image contain a clearly identifiable bottle cap?,,bottle cap,,small_items,,,bottle cap,small_items,,,,,,,,object_2,
combined_spatial_attribute_026_attribute_object_1,combined_spatial_attribute_026,attribute,Does the image show a reflective metallic thin rubber band?,thin rubber band,,small_items,,,,thin rubber band,small_items,,reflective metallic,material_finish,reflective metallic,material_finish,,,object_1,object_1
combined_spatial_attribute_026_attribute_object_2,combined_spatial_attribute_026,attribute,Does the image show a plastic bottle cap?,,bottle cap,,small_items,,,bottle cap,small_items,,plastic,material_finish,,,plastic,material_finish,object_2,object_2
combined_spatial_attribute_026_spatial,combined_spatial_attribute_026,spatial_relation,Does the image show a thin rubber band to the right of a bottle cap?,thin rubber band,bottle cap,small_items,small_items,right_of,to the right of,,,,,,,,,,,
combined_spatial_attribute_027_identity_object_1,combined_spatial_attribute_027,object_identity,Does the image contain a clearly identifiable index card?,index card,,surfaces,,,,index card,surfaces,,,,,,,,object_1,
combined_spatial_attribute_027_identity_object_2,combined_spatial_attribute_027,object_identity,Does the image contain a clearly identifiable serving bowl?,,serving bowl,,containers,,,serving bowl,containers,,,,,,,,object_2,
combined_spatial_attribute_027_attribute_object_1,combined_spatial_attribute_027,attribute,Does the image show a black-and-white checkered index card?,index card,,surfaces,,,,index card,surfaces,,black-and-white checkered,pattern_texture,black-and-white checkered,pattern_texture,,,object_1,object_1
combined_spatial_attribute_027_attribute_object_2,combined_spatial_attribute_027,attribute,Does the image show a white speckled serving bowl?,,serving bowl,,containers,,,serving bowl,containers,,white speckled,pattern_texture,,,white speckled,pattern_texture,object_2,object_2
combined_spatial_attribute_027_spatial,combined_spatial_attribute_027,spatial_relation,Does the image show a index card to the right of a serving bowl?,index card,serving bowl,surfaces,containers,right_of,to the right of,,,,,,,,,,,
combined_spatial_attribute_028_identity_object_1,combined_spatial_attribute_028,object_identity,Does the image contain a clearly identifiable tray?,tray,,containers,,,,tray,containers,,,,,,,,object_1,
combined_spatial_attribute_028_identity_object_2,combined_spatial_attribute_028,object_identity,Does the image contain a clearly identifiable die?,,die,,small_items,,,die,small_items,,,,,,,,object_2,
combined_spatial_attribute_028_attribute_object_1,combined_spatial_attribute_028,attribute,Does the image show a black-and-white checkered tray?,tray,,containers,,,,tray,containers,,black-and-white checkered,pattern_texture,black-and-white checkered,pattern_texture,,,object_1,object_1
combined_spatial_attribute_028_attribute_object_2,combined_spatial_attribute_028,attribute,Does the image show a plastic die?,,die,,small_items,,,die,small_items,,plastic,material_finish,,,plastic,material_finish,object_2,object_2
combined_spatial_attribute_028_spatial,combined_spatial_attribute_028,spatial_relation,Does the image show a tray to the right of a die?,tray,die,containers,small_items,right_of,to the right of,,,,,,,,,,,
combined_spatial_attribute_029_identity_object_1,combined_spatial_attribute_029,object_identity,Does the image contain a clearly identifiable tray?,tray,,containers,,,,tray,containers,,,,,,,,object_1,
combined_spatial_attribute_029_identity_object_2,combined_spatial_attribute_029,object_identity,Does the image contain a clearly identifiable cup?,,cup,,containers,,,cup,containers,,,,,,,,object_2,
combined_spatial_attribute_029_attribute_object_1,combined_spatial_attribute_029,attribute,Does the image show a plastic tray?,tray,,containers,,,,tray,containers,,plastic,material_finish,plastic,material_finish,,,object_1,object_1
combined_spatial_attribute_029_attribute_object_2,combined_spatial_attribute_029,attribute,Does the image show a blue-and-white striped cup?,,cup,,containers,,,cup,containers,,blue-and-white striped,pattern_texture,,,blue-and-white striped,pattern_texture,object_2,object_2
combined_spatial_attribute_029_spatial,combined_spatial_attribute_029,spatial_relation,Does the image show a tray to the right of a cup?,tray,cup,containers,containers,right_of,to the right of,,,,,,,,,,,
combined_spatial_attribute_030_identity_object_1,combined_spatial_attribute_030,object_identity,Does the image contain a clearly identifiable serving bowl?,serving bowl,,containers,,,,serving bowl,containers,,,,,,,,object_1,
combined_spatial_attribute_030_identity_object_2,combined_spatial_attribute_030,object_identity,Does the image contain a clearly identifiable small paper clip?,,small paper clip,,small_items,,,small paper clip,small_items,,,,,,,,object_2,
combined_spatial_attribute_030_attribute_object_1,combined_spatial_attribute_030,attribute,Does the image show a red-and-white striped serving bowl?,serving bowl,,containers,,,,serving bowl,containers,,red-and-white striped,pattern_texture,red-and-white striped,pattern_texture,,,object_1,object_1
combined_spatial_attribute_030_attribute_object_2,combined_spatial_attribute_030,attribute,Does the image show a glossy white small paper clip?,,small paper clip,,small_items,,,small paper clip,small_items,,glossy white,material_finish,,,glossy white,material_finish,object_2,object_2
combined_spatial_attribute_030_spatial,combined_spatial_attribute_030,spatial_relation,Does the image show a serving bowl to the right of a small paper clip?,serving bowl,small paper clip,containers,small_items,right_of,to the right of,,,,,,,,,,,
combined_spatial_attribute_031_identity_object_1,combined_spatial_attribute_031,object_identity,Does the image contain a clearly identifiable napkin?,napkin,,surfaces,,,,napkin,surfaces,,,,,,,,object_1,
combined_spatial_attribute_031_identity_object_2,combined_spatial_attribute_031,object_identity,Does the image contain a clearly identifiable marble?,,marble,,small_items,,,marble,small_items,,,,,,,,object_2,
combined_spatial_attribute_031_attribute_object_1,combined_spatial_attribute_031,attribute,Does the image show a black-and-white checkered napkin?,napkin,,surfaces,,,,napkin,surfaces,,black-and-white checkered,pattern_texture,black-and-white checkered,pattern_texture,,,object_1,object_1
combined_spatial_attribute_031_attribute_object_2,combined_spatial_attribute_031,attribute,Does the image show a glossy white marble?,,marble,,small_items,,,marble,small_items,,glossy white,material_finish,,,glossy white,material_finish,object_2,object_2
combined_spatial_attribute_031_spatial,combined_spatial_attribute_031,spatial_relation,Does the image show a napkin under a marble?,napkin,marble,surfaces,small_items,under,under,,,,,,,,,,,
combined_spatial_attribute_032_identity_object_1,combined_spatial_attribute_032,object_identity,Does the image contain a clearly identifiable cutting board?,cutting board,,surfaces,,,,cutting board,surfaces,,,,,,,,object_1,
combined_spatial_attribute_032_identity_object_2,combined_spatial_attribute_032,object_identity,Does the image contain a clearly identifiable coin?,,coin,,small_items,,,coin,small_items,,,,,,,,object_2,
combined_spatial_attribute_032_attribute_object_1,combined_spatial_attribute_032,attribute,Does the image show a blue-and-white striped cutting board?,cutting board,,surfaces,,,,cutting board,surfaces,,blue-and-white striped,pattern_texture,blue-and-white striped,pattern_texture,,,object_1,object_1
combined_spatial_attribute_032_attribute_object_2,combined_spatial_attribute_032,attribute,Does the image show a ceramic coin?,,coin,,small_items,,,coin,small_items,,ceramic,material_finish,,,ceramic,material_finish,object_2,object_2
combined_spatial_attribute_032_spatial,combined_spatial_attribute_032,spatial_relation,Does the image show a cutting board under a coin?,cutting board,coin,surfaces,small_items,under,under,,,,,,,,,,,
combined_spatial_attribute_033_identity_object_1,combined_spatial_attribute_033,object_identity,Does the image contain a clearly identifiable index card?,index card,,surfaces,,,,index card,surfaces,,,,,,,,object_1,
combined_spatial_attribute_033_identity_object_2,combined_spatial_attribute_033,object_identity,Does the image contain a clearly identifiable die?,,die,,small_items,,,die,small_items,,,,,,,,object_2,
combined_spatial_attribute_033_attribute_object_1,combined_spatial_attribute_033,attribute,Does the image show a blue-and-white striped index card?,index card,,surfaces,,,,index card,surfaces,,blue-and-white striped,pattern_texture,blue-and-white striped,pattern_texture,,,object_1,object_1
combined_spatial_attribute_033_attribute_object_2,combined_spatial_attribute_033,attribute,Does the image show a glossy white die?,,die,,small_items,,,die,small_items,,glossy white,material_finish,,,glossy white,material_finish,object_2,object_2
combined_spatial_attribute_033_spatial,combined_spatial_attribute_033,spatial_relation,Does the image show a index card under a die?,index card,die,surfaces,small_items,under,under,,,,,,,,,,,
combined_spatial_attribute_034_identity_object_1,combined_spatial_attribute_034,object_identity,Does the image contain a clearly identifiable index card?,index card,,surfaces,,,,index card,surfaces,,,,,,,,object_1,
combined_spatial_attribute_034_identity_object_2,combined_spatial_attribute_034,object_identity,Does the image contain a clearly identifiable bottle cap?,,bottle cap,,small_items,,,bottle cap,small_items,,,,,,,,object_2,
combined_spatial_attribute_034_attribute_object_1,combined_spatial_attribute_034,attribute,Does the image show a multicolored index card?,index card,,surfaces,,,,index card,surfaces,,multicolored,pattern_texture,multicolored,pattern_texture,,,object_1,object_1
combined_spatial_attribute_034_attribute_object_2,combined_spatial_attribute_034,attribute,Does the image show a transparent glass bottle cap?,,bottle cap,,small_items,,,bottle cap,small_items,,transparent glass,material_finish,,,transparent glass,material_finish,object_2,object_2
combined_spatial_attribute_034_spatial,combined_spatial_attribute_034,spatial_relation,Does the image show a index card under a bottle cap?,index card,bottle cap,surfaces,small_items,under,under,,,,,,,,,,,
combined_spatial_attribute_035_identity_object_1,combined_spatial_attribute_035,object_identity,Does the image contain a clearly identifiable cutting board?,cutting board,,surfaces,,,,cutting board,surfaces,,,,,,,,object_1,
combined_spatial_attribute_035_identity_object_2,combined_spatial_attribute_035,object_identity,Does the image contain a clearly identifiable small paper clip?,,small paper clip,,small_items,,,small paper clip,small_items,,,,,,,,object_2,
combined_spatial_attribute_035_attribute_object_1,combined_spatial_attribute_035,attribute,Does the image show a red-and-white striped cutting board?,cutting board,,surfaces,,,,cutting board,surfaces,,red-and-white striped,pattern_texture,red-and-white striped,pattern_texture,,,object_1,object_1
combined_spatial_attribute_035_attribute_object_2,combined_spatial_attribute_035,attribute,Does the image show a ceramic small paper clip?,,small paper clip,,small_items,,,small paper clip,small_items,,ceramic,material_finish,,,ceramic,material_finish,object_2,object_2
combined_spatial_attribute_035_spatial,combined_spatial_attribute_035,spatial_relation,Does the image show a cutting board under a small paper clip?,cutting board,small paper clip,surfaces,small_items,under,under,,,,,,,,,,,
combined_spatial_attribute_036_identity_object_1,combined_spatial_attribute_036,object_identity,Does the image contain a clearly identifiable notebook?,notebook,,surfaces,,,,notebook,surfaces,,,,,,,,object_1,
combined_spatial_attribute_036_identity_object_2,combined_spatial_attribute_036,object_identity,Does the image contain a clearly identifiable small flat washer?,,small flat washer,,small_items,,,small flat washer,small_items,,,,,,,,object_2,
combined_spatial_attribute_036_attribute_object_1,combined_spatial_attribute_036,attribute,Does the image show a red-and-white striped notebook?,notebook,,surfaces,,,,notebook,surfaces,,red-and-white striped,pattern_texture,red-and-white striped,pattern_texture,,,object_1,object_1
combined_spatial_attribute_036_attribute_object_2,combined_spatial_attribute_036,attribute,Does the image show a ceramic small flat washer?,,small flat washer,,small_items,,,small flat washer,small_items,,ceramic,material_finish,,,ceramic,material_finish,object_2,object_2
combined_spatial_attribute_036_spatial,combined_spatial_attribute_036,spatial_relation,Does the image show a notebook under a small flat washer?,notebook,small flat washer,surfaces,small_items,under,under,,,,,,,,,,,
combined_spatial_cardinality_001_identity_object_1,combined_spatial_cardinality_001,object_identity,Does the image contain a clearly identifiable die?,die,,small_items,,,,die,small_items,,,,,,,,object_1,
combined_spatial_cardinality_001_identity_object_2,combined_spatial_cardinality_001,object_identity,Does the image contain a clearly identifiable cup?,,cup,,containers,,,cup,containers,,,,,,,,object_2,
combined_spatial_cardinality_001_cardinality,combined_spatial_cardinality_001,cardinality,Does the image contain exactly 4 clearly visible dice?,die,,small_items,,,,die,small_items,4,,,,,,,object_1,
combined_spatial_cardinality_001_spatial,combined_spatial_cardinality_001,spatial_relation,Does the image show a die inside a cup?,die,cup,small_items,containers,inside,inside,,,,,,,,,,,
combined_spatial_cardinality_002_identity_object_1,combined_spatial_cardinality_002,object_identity,Does the image contain a clearly identifiable die?,die,,small_items,,,,die,small_items,,,,,,,,object_1,
combined_spatial_cardinality_002_identity_object_2,combined_spatial_cardinality_002,object_identity,Does the image contain a clearly identifiable tray?,,tray,,containers,,,tray,containers,,,,,,,,object_2,
combined_spatial_cardinality_002_cardinality,combined_spatial_cardinality_002,cardinality,Does the image contain exactly 4 clearly visible dice?,die,,small_items,,,,die,small_items,4,,,,,,,object_1,
combined_spatial_cardinality_002_spatial,combined_spatial_cardinality_002,spatial_relation,Does the image show a die inside a tray?,die,tray,small_items,containers,inside,inside,,,,,,,,,,,
combined_spatial_cardinality_003_identity_object_1,combined_spatial_cardinality_003,object_identity,Does the image contain a clearly identifiable small paper clip?,small paper clip,,small_items,,,,small paper clip,small_items,,,,,,,,object_1,
combined_spatial_cardinality_003_identity_object_2,combined_spatial_cardinality_003,object_identity,Does the image contain a clearly identifiable small box?,,small box,,containers,,,small box,containers,,,,,,,,object_2,
combined_spatial_cardinality_003_cardinality,combined_spatial_cardinality_003,cardinality,Does the image contain exactly 4 clearly visible small paper clips?,small paper clip,,small_items,,,,small paper clip,small_items,4,,,,,,,object_1,
combined_spatial_cardinality_003_spatial,combined_spatial_cardinality_003,spatial_relation,Does the image show a small paper clip inside a small box?,small paper clip,small box,small_items,containers,inside,inside,,,,,,,,,,,
combined_spatial_cardinality_004_identity_object_1,combined_spatial_cardinality_004,object_identity,Does the image contain a clearly identifiable thin rubber band?,thin rubber band,,small_items,,,,thin rubber band,small_items,,,,,,,,object_1,
combined_spatial_cardinality_004_identity_object_2,combined_spatial_cardinality_004,object_identity,Does the image contain a clearly identifiable food container?,,food container,,containers,,,food container,containers,,,,,,,,object_2,
combined_spatial_cardinality_004_cardinality,combined_spatial_cardinality_004,cardinality,Does the image contain exactly 6 clearly visible thin rubber bands?,thin rubber band,,small_items,,,,thin rubber band,small_items,6,,,,,,,object_1,
combined_spatial_cardinality_004_spatial,combined_spatial_cardinality_004,spatial_relation,Does the image show a thin rubber band inside a food container?,thin rubber band,food container,small_items,containers,inside,inside,,,,,,,,,,,
combined_spatial_cardinality_005_identity_object_1,combined_spatial_cardinality_005,object_identity,Does the image contain a clearly identifiable thin rubber band?,thin rubber band,,small_items,,,,thin rubber band,small_items,,,,,,,,object_1,
combined_spatial_cardinality_005_identity_object_2,combined_spatial_cardinality_005,object_identity,Does the image contain a clearly identifiable cup?,,cup,,containers,,,cup,containers,,,,,,,,object_2,
combined_spatial_cardinality_005_cardinality,combined_spatial_cardinality_005,cardinality,Does the image contain exactly 5 clearly visible thin rubber bands?,thin rubber band,,small_items,,,,thin rubber band,small_items,5,,,,,,,object_1,
combined_spatial_cardinality_005_spatial,combined_spatial_cardinality_005,spatial_relation,Does the image show a thin rubber band inside a cup?,thin rubber band,cup,small_items,containers,inside,inside,,,,,,,,,,,
combined_spatial_cardinality_006_identity_object_1,combined_spatial_cardinality_006,object_identity,Does the image contain a clearly identifiable thumbtack?,thumbtack,,small_items,,,,thumbtack,small_items,,,,,,,,object_1,
combined_spatial_cardinality_006_identity_object_2,combined_spatial_cardinality_006,object_identity,Does the image contain a clearly identifiable food container?,,food container,,containers,,,food container,containers,,,,,,,,object_2,
combined_spatial_cardinality_006_cardinality,combined_spatial_cardinality_006,cardinality,Does the image contain exactly 5 clearly visible thumbtacks?,thumbtack,,small_items,,,,thumbtack,small_items,5,,,,,,,object_1,
combined_spatial_cardinality_006_spatial,combined_spatial_cardinality_006,spatial_relation,Does the image show a thumbtack inside a food container?,thumbtack,food container,small_items,containers,inside,inside,,,,,,,,,,,
combined_spatial_cardinality_007_identity_object_1,combined_spatial_cardinality_007,object_identity,Does the image contain a clearly identifiable thumbtack?,thumbtack,,small_items,,,,thumbtack,small_items,,,,,,,,object_1,
combined_spatial_cardinality_007_identity_object_2,combined_spatial_cardinality_007,object_identity,Does the image contain a clearly identifiable small box?,,small box,,containers,,,small box,containers,,,,,,,,object_2,
combined_spatial_cardinality_007_cardinality,combined_spatial_cardinality_007,cardinality,Does the image contain exactly 6 clearly visible thumbtacks?,thumbtack,,small_items,,,,thumbtack,small_items,6,,,,,,,object_1,
combined_spatial_cardinality_007_spatial,combined_spatial_cardinality_007,spatial_relation,Does the image show a thumbtack inside a small box?,thumbtack,small box,small_items,containers,inside,inside,,,,,,,,,,,
combined_spatial_cardinality_008_identity_object_1,combined_spatial_cardinality_008,object_identity,Does the image contain a clearly identifiable marble?,marble,,small_items,,,,marble,small_items,,,,,,,,object_1,
combined_spatial_cardinality_008_identity_object_2,combined_spatial_cardinality_008,object_identity,Does the image contain a clearly identifiable serving bowl?,,serving bowl,,containers,,,serving bowl,containers,,,,,,,,object_2,
combined_spatial_cardinality_008_cardinality,combined_spatial_cardinality_008,cardinality,Does the image contain exactly 4 clearly visible marbles?,marble,,small_items,,,,marble,small_items,4,,,,,,,object_1,
combined_spatial_cardinality_008_spatial,combined_spatial_cardinality_008,spatial_relation,Does the image show a marble to the left of a serving bowl?,marble,serving bowl,small_items,containers,left_of,to the left of,,,,,,,,,,,
combined_spatial_cardinality_009_identity_object_1,combined_spatial_cardinality_009,object_identity,Does the image contain a clearly identifiable thumbtack?,thumbtack,,small_items,,,,thumbtack,small_items,,,,,,,,object_1,
combined_spatial_cardinality_009_identity_object_2,combined_spatial_cardinality_009,object_identity,Does the image contain a clearly identifiable plate?,,plate,,surfaces,,,plate,surfaces,,,,,,,,object_2,
combined_spatial_cardinality_009_cardinality,combined_spatial_cardinality_009,cardinality,Does the image contain exactly 4 clearly visible thumbtacks?,thumbtack,,small_items,,,,thumbtack,small_items,4,,,,,,,object_1,
combined_spatial_cardinality_009_spatial,combined_spatial_cardinality_009,spatial_relation,Does the image show a thumbtack to the left of a plate?,thumbtack,plate,small_items,surfaces,left_of,to the left of,,,,,,,,,,,
combined_spatial_cardinality_010_identity_object_1,combined_spatial_cardinality_010,object_identity,Does the image contain a clearly identifiable small paper clip?,small paper clip,,small_items,,,,small paper clip,small_items,,,,,,,,object_1,
combined_spatial_cardinality_010_identity_object_2,combined_spatial_cardinality_010,object_identity,Does the image contain a clearly identifiable tray?,,tray,,containers,,,tray,containers,,,,,,,,object_2,
combined_spatial_cardinality_010_cardinality,combined_spatial_cardinality_010,cardinality,Does the image contain exactly 5 clearly visible small paper clips?,small paper clip,,small_items,,,,small paper clip,small_items,5,,,,,,,object_1,
combined_spatial_cardinality_010_spatial,combined_spatial_cardinality_010,spatial_relation,Does the image show a small paper clip to the left of a tray?,small paper clip,tray,small_items,containers,left_of,to the left of,,,,,,,,,,,
combined_spatial_cardinality_011_identity_object_1,combined_spatial_cardinality_011,object_identity,Does the image contain a clearly identifiable standard safety pin?,standard safety pin,,small_items,,,,standard safety pin,small_items,,,,,,,,object_1,
combined_spatial_cardinality_011_identity_object_2,combined_spatial_cardinality_011,object_identity,Does the image contain a clearly identifiable napkin?,,napkin,,surfaces,,,napkin,surfaces,,,,,,,,object_2,
combined_spatial_cardinality_011_cardinality,combined_spatial_cardinality_011,cardinality,Does the image contain exactly 5 clearly visible standard safety pins?,standard safety pin,,small_items,,,,standard safety pin,small_items,5,,,,,,,object_1,
combined_spatial_cardinality_011_spatial,combined_spatial_cardinality_011,spatial_relation,Does the image show a standard safety pin to the left of a napkin?,standard safety pin,napkin,small_items,surfaces,left_of,to the left of,,,,,,,,,,,
combined_spatial_cardinality_012_identity_object_1,combined_spatial_cardinality_012,object_identity,Does the image contain a clearly identifiable bottle cap?,bottle cap,,small_items,,,,bottle cap,small_items,,,,,,,,object_1,
combined_spatial_cardinality_012_identity_object_2,combined_spatial_cardinality_012,object_identity,Does the image contain a clearly identifiable marble?,,marble,,small_items,,,marble,small_items,,,,,,,,object_2,
combined_spatial_cardinality_012_cardinality,combined_spatial_cardinality_012,cardinality,Does the image contain exactly 6 clearly visible bottle caps?,bottle cap,,small_items,,,,bottle cap,small_items,6,,,,,,,object_1,
combined_spatial_cardinality_012_spatial,combined_spatial_cardinality_012,spatial_relation,Does the image show a bottle cap to the left of a marble?,bottle cap,marble,small_items,small_items,left_of,to the left of,,,,,,,,,,,
combined_spatial_cardinality_013_identity_object_1,combined_spatial_cardinality_013,object_identity,Does the image contain a clearly identifiable thin rubber band?,thin rubber band,,small_items,,,,thin rubber band,small_items,,,,,,,,object_1,
combined_spatial_cardinality_013_identity_object_2,combined_spatial_cardinality_013,object_identity,Does the image contain a clearly identifiable small box?,,small box,,containers,,,small box,containers,,,,,,,,object_2,
combined_spatial_cardinality_013_cardinality,combined_spatial_cardinality_013,cardinality,Does the image contain exactly 3 clearly visible thin rubber bands?,thin rubber band,,small_items,,,,thin rubber band,small_items,3,,,,,,,object_1,
combined_spatial_cardinality_013_spatial,combined_spatial_cardinality_013,spatial_relation,Does the image show a thin rubber band to the left of a small box?,thin rubber band,small box,small_items,containers,left_of,to the left of,,,,,,,,,,,
combined_spatial_cardinality_014_identity_object_1,combined_spatial_cardinality_014,object_identity,Does the image contain a clearly identifiable standard safety pin?,standard safety pin,,small_items,,,,standard safety pin,small_items,,,,,,,,object_1,
combined_spatial_cardinality_014_identity_object_2,combined_spatial_cardinality_014,object_identity,Does the image contain a clearly identifiable thumbtack?,,thumbtack,,small_items,,,thumbtack,small_items,,,,,,,,object_2,
combined_spatial_cardinality_014_cardinality,combined_spatial_cardinality_014,cardinality,Does the image contain exactly 4 clearly visible standard safety pins?,standard safety pin,,small_items,,,,standard safety pin,small_items,4,,,,,,,object_1,
combined_spatial_cardinality_014_spatial,combined_spatial_cardinality_014,spatial_relation,Does the image show a standard safety pin to the left of a thumbtack?,standard safety pin,thumbtack,small_items,small_items,left_of,to the left of,,,,,,,,,,,
combined_spatial_cardinality_015_identity_object_1,combined_spatial_cardinality_015,object_identity,Does the image contain a clearly identifiable die?,die,,small_items,,,,die,small_items,,,,,,,,object_1,
combined_spatial_cardinality_015_identity_object_2,combined_spatial_cardinality_015,object_identity,Does the image contain a clearly identifiable index card?,,index card,,surfaces,,,index card,surfaces,,,,,,,,object_2,
combined_spatial_cardinality_015_cardinality,combined_spatial_cardinality_015,cardinality,Does the image contain exactly 3 clearly visible dice?,die,,small_items,,,,die,small_items,3,,,,,,,object_1,
combined_spatial_cardinality_015_spatial,combined_spatial_cardinality_015,spatial_relation,Does the image show a die on top of a index card?,die,index card,small_items,surfaces,on_top_of,on top of,,,,,,,,,,,
combined_spatial_cardinality_016_identity_object_1,combined_spatial_cardinality_016,object_identity,Does the image contain a clearly identifiable marble?,marble,,small_items,,,,marble,small_items,,,,,,,,object_1,
combined_spatial_cardinality_016_identity_object_2,combined_spatial_cardinality_016,object_identity,Does the image contain a clearly identifiable index card?,,index card,,surfaces,,,index card,surfaces,,,,,,,,object_2,
combined_spatial_cardinality_016_cardinality,combined_spatial_cardinality_016,cardinality,Does the image contain exactly 3 clearly visible marbles?,marble,,small_items,,,,marble,small_items,3,,,,,,,object_1,
combined_spatial_cardinality_016_spatial,combined_spatial_cardinality_016,spatial_relation,Does the image show a marble on top of a index card?,marble,index card,small_items,surfaces,on_top_of,on top of,,,,,,,,,,,
combined_spatial_cardinality_017_identity_object_1,combined_spatial_cardinality_017,object_identity,Does the image contain a clearly identifiable small flat washer?,small flat washer,,small_items,,,,small flat washer,small_items,,,,,,,,object_1,
combined_spatial_cardinality_017_identity_object_2,combined_spatial_cardinality_017,object_identity,Does the image contain a clearly identifiable sheet of paper?,,sheet of paper,,surfaces,,,sheet of paper,surfaces,,,,,,,,object_2,
combined_spatial_cardinality_017_cardinality,combined_spatial_cardinality_017,cardinality,Does the image contain exactly 4 clearly visible small flat washers?,small flat washer,,small_items,,,,small flat washer,small_items,4,,,,,,,object_1,
combined_spatial_cardinality_017_spatial,combined_spatial_cardinality_017,spatial_relation,Does the image show a small flat washer on top of a sheet of paper?,small flat washer,sheet of paper,small_items,surfaces,on_top_of,on top of,,,,,,,,,,,
combined_spatial_cardinality_018_identity_object_1,combined_spatial_cardinality_018,object_identity,Does the image contain a clearly identifiable coin?,coin,,small_items,,,,coin,small_items,,,,,,,,object_1,
combined_spatial_cardinality_018_identity_object_2,combined_spatial_cardinality_018,object_identity,Does the image contain a clearly identifiable notebook?,,notebook,,surfaces,,,notebook,surfaces,,,,,,,,object_2,
combined_spatial_cardinality_018_cardinality,combined_spatial_cardinality_018,cardinality,Does the image contain exactly 5 clearly visible coins?,coin,,small_items,,,,coin,small_items,5,,,,,,,object_1,
combined_spatial_cardinality_018_spatial,combined_spatial_cardinality_018,spatial_relation,Does the image show a coin on top of a notebook?,coin,notebook,small_items,surfaces,on_top_of,on top of,,,,,,,,,,,
combined_spatial_cardinality_019_identity_object_1,combined_spatial_cardinality_019,object_identity,Does the image contain a clearly identifiable standard safety pin?,standard safety pin,,small_items,,,,standard safety pin,small_items,,,,,,,,object_1,
combined_spatial_cardinality_019_identity_object_2,combined_spatial_cardinality_019,object_identity,Does the image contain a clearly identifiable plate?,,plate,,surfaces,,,plate,surfaces,,,,,,,,object_2,
combined_spatial_cardinality_019_cardinality,combined_spatial_cardinality_019,cardinality,Does the image contain exactly 5 clearly visible standard safety pins?,standard safety pin,,small_items,,,,standard safety pin,small_items,5,,,,,,,object_1,
combined_spatial_cardinality_019_spatial,combined_spatial_cardinality_019,spatial_relation,Does the image show a standard safety pin on top of a plate?,standard safety pin,plate,small_items,surfaces,on_top_of,on top of,,,,,,,,,,,
combined_spatial_cardinality_020_identity_object_1,combined_spatial_cardinality_020,object_identity,Does the image contain a clearly identifiable marble?,marble,,small_items,,,,marble,small_items,,,,,,,,object_1,
combined_spatial_cardinality_020_identity_object_2,combined_spatial_cardinality_020,object_identity,Does the image contain a clearly identifiable food container?,,food container,,containers,,,food container,containers,,,,,,,,object_2,
combined_spatial_cardinality_020_cardinality,combined_spatial_cardinality_020,cardinality,Does the image contain exactly 6 clearly visible marbles?,marble,,small_items,,,,marble,small_items,6,,,,,,,object_1,
combined_spatial_cardinality_020_spatial,combined_spatial_cardinality_020,spatial_relation,Does the image show a marble on top of a food container?,marble,food container,small_items,containers,on_top_of,on top of,,,,,,,,,,,
combined_spatial_cardinality_021_identity_object_1,combined_spatial_cardinality_021,object_identity,Does the image contain a clearly identifiable standard sewing button?,standard sewing button,,small_items,,,,standard sewing button,small_items,,,,,,,,object_1,
combined_spatial_cardinality_021_identity_object_2,combined_spatial_cardinality_021,object_identity,Does the image contain a clearly identifiable notebook?,,notebook,,surfaces,,,notebook,surfaces,,,,,,,,object_2,
combined_spatial_cardinality_021_cardinality,combined_spatial_cardinality_021,cardinality,Does the image contain exactly 6 clearly visible standard sewing buttons?,standard sewing button,,small_items,,,,standard sewing button,small_items,6,,,,,,,object_1,
combined_spatial_cardinality_021_spatial,combined_spatial_cardinality_021,spatial_relation,Does the image show a standard sewing button on top of a notebook?,standard sewing button,notebook,small_items,surfaces,on_top_of,on top of,,,,,,,,,,,
combined_spatial_cardinality_022_identity_object_1,combined_spatial_cardinality_022,object_identity,Does the image contain a clearly identifiable thin rubber band?,thin rubber band,,small_items,,,,thin rubber band,small_items,,,,,,,,object_1,
combined_spatial_cardinality_022_identity_object_2,combined_spatial_cardinality_022,object_identity,Does the image contain a clearly identifiable cutting board?,,cutting board,,surfaces,,,cutting board,surfaces,,,,,,,,object_2,
combined_spatial_cardinality_022_cardinality,combined_spatial_cardinality_022,cardinality,Does the image contain exactly 6 clearly visible thin rubber bands?,thin rubber band,,small_items,,,,thin rubber band,small_items,6,,,,,,,object_1,
combined_spatial_cardinality_022_spatial,combined_spatial_cardinality_022,spatial_relation,Does the image show a thin rubber band on top of a cutting board?,thin rubber band,cutting board,small_items,surfaces,on_top_of,on top of,,,,,,,,,,,
combined_spatial_cardinality_023_identity_object_1,combined_spatial_cardinality_023,object_identity,Does the image contain a clearly identifiable standard sewing button?,standard sewing button,,small_items,,,,standard sewing button,small_items,,,,,,,,object_1,
combined_spatial_cardinality_023_identity_object_2,combined_spatial_cardinality_023,object_identity,Does the image contain a clearly identifiable tray?,,tray,,containers,,,tray,containers,,,,,,,,object_2,
combined_spatial_cardinality_023_cardinality,combined_spatial_cardinality_023,cardinality,Does the image contain exactly 3 clearly visible standard sewing buttons?,standard sewing button,,small_items,,,,standard sewing button,small_items,3,,,,,,,object_1,
combined_spatial_cardinality_023_spatial,combined_spatial_cardinality_023,spatial_relation,Does the image show a standard sewing button outside a tray?,standard sewing button,tray,small_items,containers,outside,outside,,,,,,,,,,,
combined_spatial_cardinality_024_identity_object_1,combined_spatial_cardinality_024,object_identity,Does the image contain a clearly identifiable thumbtack?,thumbtack,,small_items,,,,thumbtack,small_items,,,,,,,,object_1,
combined_spatial_cardinality_024_identity_object_2,combined_spatial_cardinality_024,object_identity,Does the image contain a clearly identifiable food container?,,food container,,containers,,,food container,containers,,,,,,,,object_2,
combined_spatial_cardinality_024_cardinality,combined_spatial_cardinality_024,cardinality,Does the image contain exactly 3 clearly visible thumbtacks?,thumbtack,,small_items,,,,thumbtack,small_items,3,,,,,,,object_1,
combined_spatial_cardinality_024_spatial,combined_spatial_cardinality_024,spatial_relation,Does the image show a thumbtack outside a food container?,thumbtack,food container,small_items,containers,outside,outside,,,,,,,,,,,
combined_spatial_cardinality_025_identity_object_1,combined_spatial_cardinality_025,object_identity,Does the image contain a clearly identifiable coin?,coin,,small_items,,,,coin,small_items,,,,,,,,object_1,
combined_spatial_cardinality_025_identity_object_2,combined_spatial_cardinality_025,object_identity,Does the image contain a clearly identifiable cup?,,cup,,containers,,,cup,containers,,,,,,,,object_2,
combined_spatial_cardinality_025_cardinality,combined_spatial_cardinality_025,cardinality,Does the image contain exactly 4 clearly visible coins?,coin,,small_items,,,,coin,small_items,4,,,,,,,object_1,
combined_spatial_cardinality_025_spatial,combined_spatial_cardinality_025,spatial_relation,Does the image show a coin outside a cup?,coin,cup,small_items,containers,outside,outside,,,,,,,,,,,
combined_spatial_cardinality_026_identity_object_1,combined_spatial_cardinality_026,object_identity,Does the image contain a clearly identifiable standard safety pin?,standard safety pin,,small_items,,,,standard safety pin,small_items,,,,,,,,object_1,
combined_spatial_cardinality_026_identity_object_2,combined_spatial_cardinality_026,object_identity,Does the image contain a clearly identifiable food container?,,food container,,containers,,,food container,containers,,,,,,,,object_2,
combined_spatial_cardinality_026_cardinality,combined_spatial_cardinality_026,cardinality,Does the image contain exactly 4 clearly visible standard safety pins?,standard safety pin,,small_items,,,,standard safety pin,small_items,4,,,,,,,object_1,
combined_spatial_cardinality_026_spatial,combined_spatial_cardinality_026,spatial_relation,Does the image show a standard safety pin outside a food container?,standard safety pin,food container,small_items,containers,outside,outside,,,,,,,,,,,
combined_spatial_cardinality_027_identity_object_1,combined_spatial_cardinality_027,object_identity,Does the image contain a clearly identifiable thumbtack?,thumbtack,,small_items,,,,thumbtack,small_items,,,,,,,,object_1,
combined_spatial_cardinality_027_identity_object_2,combined_spatial_cardinality_027,object_identity,Does the image contain a clearly identifiable food container?,,food container,,containers,,,food container,containers,,,,,,,,object_2,
combined_spatial_cardinality_027_cardinality,combined_spatial_cardinality_027,cardinality,Does the image contain exactly 4 clearly visible thumbtacks?,thumbtack,,small_items,,,,thumbtack,small_items,4,,,,,,,object_1,
combined_spatial_cardinality_027_spatial,combined_spatial_cardinality_027,spatial_relation,Does the image show a thumbtack outside a food container?,thumbtack,food container,small_items,containers,outside,outside,,,,,,,,,,,
combined_spatial_cardinality_028_identity_object_1,combined_spatial_cardinality_028,object_identity,Does the image contain a clearly identifiable bottle cap?,bottle cap,,small_items,,,,bottle cap,small_items,,,,,,,,object_1,
combined_spatial_cardinality_028_identity_object_2,combined_spatial_cardinality_028,object_identity,Does the image contain a clearly identifiable tray?,,tray,,containers,,,tray,containers,,,,,,,,object_2,
combined_spatial_cardinality_028_cardinality,combined_spatial_cardinality_028,cardinality,Does the image contain exactly 4 clearly visible bottle caps?,bottle cap,,small_items,,,,bottle cap,small_items,4,,,,,,,object_1,
combined_spatial_cardinality_028_spatial,combined_spatial_cardinality_028,spatial_relation,Does the image show a bottle cap outside a tray?,bottle cap,tray,small_items,containers,outside,outside,,,,,,,,,,,
combined_spatial_cardinality_029_identity_object_1,combined_spatial_cardinality_029,object_identity,Does the image contain a clearly identifiable thin rubber band?,thin rubber band,,small_items,,,,thin rubber band,small_items,,,,,,,,object_1,
combined_spatial_cardinality_029_identity_object_2,combined_spatial_cardinality_029,object_identity,Does the image contain a clearly identifiable small box?,,small box,,containers,,,small box,containers,,,,,,,,object_2,
combined_spatial_cardinality_029_cardinality,combined_spatial_cardinality_029,cardinality,Does the image contain exactly 4 clearly visible thin rubber bands?,thin rubber band,,small_items,,,,thin rubber band,small_items,4,,,,,,,object_1,
combined_spatial_cardinality_029_spatial,combined_spatial_cardinality_029,spatial_relation,Does the image show a thin rubber band outside a small box?,thin rubber band,small box,small_items,containers,outside,outside,,,,,,,,,,,
combined_spatial_cardinality_030_identity_object_1,combined_spatial_cardinality_030,object_identity,Does the image contain a clearly identifiable small paper clip?,small paper clip,,small_items,,,,small paper clip,small_items,,,,,,,,object_1,
combined_spatial_cardinality_030_identity_object_2,combined_spatial_cardinality_030,object_identity,Does the image contain a clearly identifiable marble?,,marble,,small_items,,,marble,small_items,,,,,,,,object_2,
combined_spatial_cardinality_030_cardinality,combined_spatial_cardinality_030,cardinality,Does the image contain exactly 3 clearly visible small paper clips?,small paper clip,,small_items,,,,small paper clip,small_items,3,,,,,,,object_1,
combined_spatial_cardinality_030_spatial,combined_spatial_cardinality_030,spatial_relation,Does the image show a small paper clip to the right of a marble?,small paper clip,marble,small_items,small_items,right_of,to the right of,,,,,,,,,,,
combined_spatial_cardinality_031_identity_object_1,combined_spatial_cardinality_031,object_identity,Does the image contain a clearly identifiable standard sewing button?,standard sewing button,,small_items,,,,standard sewing button,small_items,,,,,,,,object_1,
combined_spatial_cardinality_031_identity_object_2,combined_spatial_cardinality_031,object_identity,Does the image contain a clearly identifiable standard safety pin?,,standard safety pin,,small_items,,,standard safety pin,small_items,,,,,,,,object_2,
combined_spatial_cardinality_031_cardinality,combined_spatial_cardinality_031,cardinality,Does the image contain exactly 3 clearly visible standard sewing buttons?,standard sewing button,,small_items,,,,standard sewing button,small_items,3,,,,,,,object_1,
combined_spatial_cardinality_031_spatial,combined_spatial_cardinality_031,spatial_relation,Does the image show a standard sewing button to the right of a standard safety pin?,standard sewing button,standard safety pin,small_items,small_items,right_of,to the right of,,,,,,,,,,,
combined_spatial_cardinality_032_identity_object_1,combined_spatial_cardinality_032,object_identity,Does the image contain a clearly identifiable thumbtack?,thumbtack,,small_items,,,,thumbtack,small_items,,,,,,,,object_1,
combined_spatial_cardinality_032_identity_object_2,combined_spatial_cardinality_032,object_identity,Does the image contain a clearly identifiable marble?,,marble,,small_items,,,marble,small_items,,,,,,,,object_2,
combined_spatial_cardinality_032_cardinality,combined_spatial_cardinality_032,cardinality,Does the image contain exactly 5 clearly visible thumbtacks?,thumbtack,,small_items,,,,thumbtack,small_items,5,,,,,,,object_1,
combined_spatial_cardinality_032_spatial,combined_spatial_cardinality_032,spatial_relation,Does the image show a thumbtack to the right of a marble?,thumbtack,marble,small_items,small_items,right_of,to the right of,,,,,,,,,,,
combined_spatial_cardinality_033_identity_object_1,combined_spatial_cardinality_033,object_identity,Does the image contain a clearly identifiable small flat washer?,small flat washer,,small_items,,,,small flat washer,small_items,,,,,,,,object_1,
combined_spatial_cardinality_033_identity_object_2,combined_spatial_cardinality_033,object_identity,Does the image contain a clearly identifiable standard sewing button?,,standard sewing button,,small_items,,,standard sewing button,small_items,,,,,,,,object_2,
combined_spatial_cardinality_033_cardinality,combined_spatial_cardinality_033,cardinality,Does the image contain exactly 6 clearly visible small flat washers?,small flat washer,,small_items,,,,small flat washer,small_items,6,,,,,,,object_1,
combined_spatial_cardinality_033_spatial,combined_spatial_cardinality_033,spatial_relation,Does the image show a small flat washer to the right of a standard sewing button?,small flat washer,standard sewing button,small_items,small_items,right_of,to the right of,,,,,,,,,,,
combined_spatial_cardinality_034_identity_object_1,combined_spatial_cardinality_034,object_identity,Does the image contain a clearly identifiable standard safety pin?,standard safety pin,,small_items,,,,standard safety pin,small_items,,,,,,,,object_1,
combined_spatial_cardinality_034_identity_object_2,combined_spatial_cardinality_034,object_identity,Does the image contain a clearly identifiable plate?,,plate,,surfaces,,,plate,surfaces,,,,,,,,object_2,
combined_spatial_cardinality_034_cardinality,combined_spatial_cardinality_034,cardinality,Does the image contain exactly 6 clearly visible standard safety pins?,standard safety pin,,small_items,,,,standard safety pin,small_items,6,,,,,,,object_1,
combined_spatial_cardinality_034_spatial,combined_spatial_cardinality_034,spatial_relation,Does the image show a standard safety pin to the right of a plate?,standard safety pin,plate,small_items,surfaces,right_of,to the right of,,,,,,,,,,,
combined_spatial_cardinality_035_identity_object_1,combined_spatial_cardinality_035,object_identity,Does the image contain a clearly identifiable thin rubber band?,thin rubber band,,small_items,,,,thin rubber band,small_items,,,,,,,,object_1,
combined_spatial_cardinality_035_identity_object_2,combined_spatial_cardinality_035,object_identity,Does the image contain a clearly identifiable sheet of paper?,,sheet of paper,,surfaces,,,sheet of paper,surfaces,,,,,,,,object_2,
combined_spatial_cardinality_035_cardinality,combined_spatial_cardinality_035,cardinality,Does the image contain exactly 6 clearly visible thin rubber bands?,thin rubber band,,small_items,,,,thin rubber band,small_items,6,,,,,,,object_1,
combined_spatial_cardinality_035_spatial,combined_spatial_cardinality_035,spatial_relation,Does the image show a thin rubber band to the right of a sheet of paper?,thin rubber band,sheet of paper,small_items,surfaces,right_of,to the right of,,,,,,,,,,,
combined_spatial_cardinality_036_identity_object_1,combined_spatial_cardinality_036,object_identity,Does the image contain a clearly identifiable small paper clip?,small paper clip,,small_items,,,,small paper clip,small_items,,,,,,,,object_1,
combined_spatial_cardinality_036_identity_object_2,combined_spatial_cardinality_036,object_identity,Does the image contain a clearly identifiable marble?,,marble,,small_items,,,marble,small_items,,,,,,,,object_2,
combined_spatial_cardinality_036_cardinality,combined_spatial_cardinality_036,cardinality,Does the image contain exactly 5 clearly visible small paper clips?,small paper clip,,small_items,,,,small paper clip,small_items,5,,,,,,,object_1,
combined_spatial_cardinality_036_spatial,combined_spatial_cardinality_036,spatial_relation,Does the image show a small paper clip to the right of a marble?,small paper clip,marble,small_items,small_items,right_of,to the right of,,,,,,,,,,,
combined_attribute_cardinality_001_identity_object_1,combined_attribute_cardinality_001,object_identity,Does the image contain a clearly identifiable bottle cap?,bottle cap,,small_items,,,,bottle cap,small_items,,,,,,,,object_1,
combined_attribute_cardinality_001_identity_object_2,combined_attribute_cardinality_001,object_identity,Does the image contain a clearly identifiable marble?,,marble,,small_items,,,marble,small_items,,,,,,,,object_2,
combined_attribute_cardinality_001_cardinality,combined_attribute_cardinality_001,cardinality,Does the image contain exactly 3 clearly visible bottle caps?,bottle cap,,small_items,,,,bottle cap,small_items,3,,,,,,,object_1,
combined_attribute_cardinality_001_attribute_object_1,combined_attribute_cardinality_001,attribute,Does the image show a ceramic bottle cap?,bottle cap,,small_items,,,,bottle cap,small_items,,ceramic,material_finish,ceramic,material_finish,,,object_1,object_1
combined_attribute_cardinality_001_attribute_object_2,combined_attribute_cardinality_001,attribute,Does the image show a plastic marble?,,marble,,small_items,,,marble,small_items,,plastic,material_finish,,,plastic,material_finish,object_2,object_2
combined_attribute_cardinality_002_identity_object_1,combined_attribute_cardinality_002,object_identity,Does the image contain a clearly identifiable marble?,marble,,small_items,,,,marble,small_items,,,,,,,,object_1,
combined_attribute_cardinality_002_identity_object_2,combined_attribute_cardinality_002,object_identity,Does the image contain a clearly identifiable small flat washer?,,small flat washer,,small_items,,,small flat washer,small_items,,,,,,,,object_2,
combined_attribute_cardinality_002_cardinality,combined_attribute_cardinality_002,cardinality,Does the image contain exactly 3 clearly visible marbles?,marble,,small_items,,,,marble,small_items,3,,,,,,,object_1,
combined_attribute_cardinality_002_attribute_object_1,combined_attribute_cardinality_002,attribute,Does the image show a ceramic marble?,marble,,small_items,,,,marble,small_items,,ceramic,material_finish,ceramic,material_finish,,,object_1,object_1
combined_attribute_cardinality_002_attribute_object_2,combined_attribute_cardinality_002,attribute,Does the image show a matte black small flat washer?,,small flat washer,,small_items,,,small flat washer,small_items,,matte black,material_finish,,,matte black,material_finish,object_2,object_2
combined_attribute_cardinality_003_identity_object_1,combined_attribute_cardinality_003,object_identity,Does the image contain a clearly identifiable small paper clip?,small paper clip,,small_items,,,,small paper clip,small_items,,,,,,,,object_1,
combined_attribute_cardinality_003_identity_object_2,combined_attribute_cardinality_003,object_identity,Does the image contain a clearly identifiable cup?,,cup,,containers,,,cup,containers,,,,,,,,object_2,
combined_attribute_cardinality_003_cardinality,combined_attribute_cardinality_003,cardinality,Does the image contain exactly 3 clearly visible small paper clips?,small paper clip,,small_items,,,,small paper clip,small_items,3,,,,,,,object_1,
combined_attribute_cardinality_003_attribute_object_1,combined_attribute_cardinality_003,attribute,Does the image show a ceramic small paper clip?,small paper clip,,small_items,,,,small paper clip,small_items,,ceramic,material_finish,ceramic,material_finish,,,object_1,object_1
combined_attribute_cardinality_003_attribute_object_2,combined_attribute_cardinality_003,attribute,Does the image show a black-and-white checkered cup?,,cup,,containers,,,cup,containers,,black-and-white checkered,pattern_texture,,,black-and-white checkered,pattern_texture,object_2,object_2
combined_attribute_cardinality_004_identity_object_1,combined_attribute_cardinality_004,object_identity,Does the image contain a clearly identifiable small paper clip?,small paper clip,,small_items,,,,small paper clip,small_items,,,,,,,,object_1,
combined_attribute_cardinality_004_identity_object_2,combined_attribute_cardinality_004,object_identity,Does the image contain a clearly identifiable food container?,,food container,,containers,,,food container,containers,,,,,,,,object_2,
combined_attribute_cardinality_004_cardinality,combined_attribute_cardinality_004,cardinality,Does the image contain exactly 3 clearly visible small paper clips?,small paper clip,,small_items,,,,small paper clip,small_items,3,,,,,,,object_1,
combined_attribute_cardinality_004_attribute_object_1,combined_attribute_cardinality_004,attribute,Does the image show a ceramic small paper clip?,small paper clip,,small_items,,,,small paper clip,small_items,,ceramic,material_finish,ceramic,material_finish,,,object_1,object_1
combined_attribute_cardinality_004_attribute_object_2,combined_attribute_cardinality_004,attribute,Does the image show a black-and-white checkered food container?,,food container,,containers,,,food container,containers,,black-and-white checkered,pattern_texture,,,black-and-white checkered,pattern_texture,object_2,object_2
combined_attribute_cardinality_005_identity_object_1,combined_attribute_cardinality_005,object_identity,Does the image contain a clearly identifiable small paper clip?,small paper clip,,small_items,,,,small paper clip,small_items,,,,,,,,object_1,
combined_attribute_cardinality_005_identity_object_2,combined_attribute_cardinality_005,object_identity,Does the image contain a clearly identifiable sheet of paper?,,sheet of paper,,surfaces,,,sheet of paper,surfaces,,,,,,,,object_2,
combined_attribute_cardinality_005_cardinality,combined_attribute_cardinality_005,cardinality,Does the image contain exactly 3 clearly visible small paper clips?,small paper clip,,small_items,,,,small paper clip,small_items,3,,,,,,,object_1,
combined_attribute_cardinality_005_attribute_object_1,combined_attribute_cardinality_005,attribute,Does the image show a glossy white small paper clip?,small paper clip,,small_items,,,,small paper clip,small_items,,glossy white,material_finish,glossy white,material_finish,,,object_1,object_1
combined_attribute_cardinality_005_attribute_object_2,combined_attribute_cardinality_005,attribute,Does the image show a red-and-white striped sheet of paper?,,sheet of paper,,surfaces,,,sheet of paper,surfaces,,red-and-white striped,pattern_texture,,,red-and-white striped,pattern_texture,object_2,object_2
combined_attribute_cardinality_006_identity_object_1,combined_attribute_cardinality_006,object_identity,Does the image contain a clearly identifiable die?,die,,small_items,,,,die,small_items,,,,,,,,object_1,
combined_attribute_cardinality_006_identity_object_2,combined_attribute_cardinality_006,object_identity,Does the image contain a clearly identifiable index card?,,index card,,surfaces,,,index card,surfaces,,,,,,,,object_2,
combined_attribute_cardinality_006_cardinality,combined_attribute_cardinality_006,cardinality,Does the image contain exactly 3 clearly visible dice?,die,,small_items,,,,die,small_items,3,,,,,,,object_1,
combined_attribute_cardinality_006_attribute_object_1,combined_attribute_cardinality_006,attribute,Does the image show a matte black die?,die,,small_items,,,,die,small_items,,matte black,material_finish,matte black,material_finish,,,object_1,object_1
combined_attribute_cardinality_006_attribute_object_2,combined_attribute_cardinality_006,attribute,Does the image show a yellow-and-green polka-dotted index card?,,index card,,surfaces,,,index card,surfaces,,yellow-and-green polka-dotted,pattern_texture,,,yellow-and-green polka-dotted,pattern_texture,object_2,object_2
combined_attribute_cardinality_007_identity_object_1,combined_attribute_cardinality_007,object_identity,Does the image contain a clearly identifiable standard safety pin?,standard safety pin,,small_items,,,,standard safety pin,small_items,,,,,,,,object_1,
combined_attribute_cardinality_007_identity_object_2,combined_attribute_cardinality_007,object_identity,Does the image contain a clearly identifiable index card?,,index card,,surfaces,,,index card,surfaces,,,,,,,,object_2,
combined_attribute_cardinality_007_cardinality,combined_attribute_cardinality_007,cardinality,Does the image contain exactly 3 clearly visible standard safety pins?,standard safety pin,,small_items,,,,standard safety pin,small_items,3,,,,,,,object_1,
combined_attribute_cardinality_007_attribute_object_1,combined_attribute_cardinality_007,attribute,Does the image show a plastic standard safety pin?,standard safety pin,,small_items,,,,standard safety pin,small_items,,plastic,material_finish,plastic,material_finish,,,object_1,object_1
combined_attribute_cardinality_007_attribute_object_2,combined_attribute_cardinality_007,attribute,Does the image show a blue-and-white striped index card?,,index card,,surfaces,,,index card,surfaces,,blue-and-white striped,pattern_texture,,,blue-and-white striped,pattern_texture,object_2,object_2
combined_attribute_cardinality_008_identity_object_1,combined_attribute_cardinality_008,object_identity,Does the image contain a clearly identifiable small flat washer?,small flat washer,,small_items,,,,small flat washer,small_items,,,,,,,,object_1,
combined_attribute_cardinality_008_identity_object_2,combined_attribute_cardinality_008,object_identity,Does the image contain a clearly identifiable cup?,,cup,,containers,,,cup,containers,,,,,,,,object_2,
combined_attribute_cardinality_008_cardinality,combined_attribute_cardinality_008,cardinality,Does the image contain exactly 4 clearly visible small flat washers?,small flat washer,,small_items,,,,small flat washer,small_items,4,,,,,,,object_1,
combined_attribute_cardinality_008_attribute_object_1,combined_attribute_cardinality_008,attribute,Does the image show a ceramic small flat washer?,small flat washer,,small_items,,,,small flat washer,small_items,,ceramic,material_finish,ceramic,material_finish,,,object_1,object_1
combined_attribute_cardinality_008_attribute_object_2,combined_attribute_cardinality_008,attribute,Does the image show a white speckled cup?,,cup,,containers,,,cup,containers,,white speckled,pattern_texture,,,white speckled,pattern_texture,object_2,object_2
combined_attribute_cardinality_009_identity_object_1,combined_attribute_cardinality_009,object_identity,Does the image contain a clearly identifiable thumbtack?,thumbtack,,small_items,,,,thumbtack,small_items,,,,,,,,object_1,
combined_attribute_cardinality_009_identity_object_2,combined_attribute_cardinality_009,object_identity,Does the image contain a clearly identifiable tray?,,tray,,containers,,,tray,containers,,,,,,,,object_2,
combined_attribute_cardinality_009_cardinality,combined_attribute_cardinality_009,cardinality,Does the image contain exactly 4 clearly visible thumbtacks?,thumbtack,,small_items,,,,thumbtack,small_items,4,,,,,,,object_1,
combined_attribute_cardinality_009_attribute_object_1,combined_attribute_cardinality_009,attribute,Does the image show a glossy white thumbtack?,thumbtack,,small_items,,,,thumbtack,small_items,,glossy white,material_finish,glossy white,material_finish,,,object_1,object_1
combined_attribute_cardinality_009_attribute_object_2,combined_attribute_cardinality_009,attribute,Does the image show a matte black tray?,,tray,,containers,,,tray,containers,,matte black,material_finish,,,matte black,material_finish,object_2,object_2
combined_attribute_cardinality_010_identity_object_1,combined_attribute_cardinality_010,object_identity,Does the image contain a clearly identifiable thin rubber band?,thin rubber band,,small_items,,,,thin rubber band,small_items,,,,,,,,object_1,
combined_attribute_cardinality_010_identity_object_2,combined_attribute_cardinality_010,object_identity,Does the image contain a clearly identifiable index card?,,index card,,surfaces,,,index card,surfaces,,,,,,,,object_2,
combined_attribute_cardinality_010_cardinality,combined_attribute_cardinality_010,cardinality,Does the image contain exactly 4 clearly visible thin rubber bands?,thin rubber band,,small_items,,,,thin rubber band,small_items,4,,,,,,,object_1,
combined_attribute_cardinality_010_attribute_object_1,combined_attribute_cardinality_010,attribute,Does the image show a plastic thin rubber band?,thin rubber band,,small_items,,,,thin rubber band,small_items,,plastic,material_finish,plastic,material_finish,,,object_1,object_1
combined_attribute_cardinality_010_attribute_object_2,combined_attribute_cardinality_010,attribute,Does the image show a red-and-white striped index card?,,index card,,surfaces,,,index card,surfaces,,red-and-white striped,pattern_texture,,,red-and-white striped,pattern_texture,object_2,object_2
combined_attribute_cardinality_011_identity_object_1,combined_attribute_cardinality_011,object_identity,Does the image contain a clearly identifiable thin rubber band?,thin rubber band,,small_items,,,,thin rubber band,small_items,,,,,,,,object_1,
combined_attribute_cardinality_011_identity_object_2,combined_attribute_cardinality_011,object_identity,Does the image contain a clearly identifiable index card?,,index card,,surfaces,,,index card,surfaces,,,,,,,,object_2,
combined_attribute_cardinality_011_cardinality,combined_attribute_cardinality_011,cardinality,Does the image contain exactly 4 clearly visible thin rubber bands?,thin rubber band,,small_items,,,,thin rubber band,small_items,4,,,,,,,object_1,
combined_attribute_cardinality_011_attribute_object_1,combined_attribute_cardinality_011,attribute,Does the image show a plastic thin rubber band?,thin rubber band,,small_items,,,,thin rubber band,small_items,,plastic,material_finish,plastic,material_finish,,,object_1,object_1
combined_attribute_cardinality_011_attribute_object_2,combined_attribute_cardinality_011,attribute,Does the image show a white speckled index card?,,index card,,surfaces,,,index card,surfaces,,white speckled,pattern_texture,,,white speckled,pattern_texture,object_2,object_2
combined_attribute_cardinality_012_identity_object_1,combined_attribute_cardinality_012,object_identity,Does the image contain a clearly identifiable coin?,coin,,small_items,,,,coin,small_items,,,,,,,,object_1,
combined_attribute_cardinality_012_identity_object_2,combined_attribute_cardinality_012,object_identity,Does the image contain a clearly identifiable small flat washer?,,small flat washer,,small_items,,,small flat washer,small_items,,,,,,,,object_2,
combined_attribute_cardinality_012_cardinality,combined_attribute_cardinality_012,cardinality,Does the image contain exactly 4 clearly visible coins?,coin,,small_items,,,,coin,small_items,4,,,,,,,object_1,
combined_attribute_cardinality_012_attribute_object_1,combined_attribute_cardinality_012,attribute,Does the image show a transparent glass coin?,coin,,small_items,,,,coin,small_items,,transparent glass,material_finish,transparent glass,material_finish,,,object_1,object_1
combined_attribute_cardinality_012_attribute_object_2,combined_attribute_cardinality_012,attribute,Does the image show a matte black small flat washer?,,small flat washer,,small_items,,,small flat washer,small_items,,matte black,material_finish,,,matte black,material_finish,object_2,object_2
combined_attribute_cardinality_013_identity_object_1,combined_attribute_cardinality_013,object_identity,Does the image contain a clearly identifiable coin?,coin,,small_items,,,,coin,small_items,,,,,,,,object_1,
combined_attribute_cardinality_013_identity_object_2,combined_attribute_cardinality_013,object_identity,Does the image contain a clearly identifiable food container?,,food container,,containers,,,food container,containers,,,,,,,,object_2,
combined_attribute_cardinality_013_cardinality,combined_attribute_cardinality_013,cardinality,Does the image contain exactly 5 clearly visible coins?,coin,,small_items,,,,coin,small_items,5,,,,,,,object_1,
combined_attribute_cardinality_013_attribute_object_1,combined_attribute_cardinality_013,attribute,Does the image show a ceramic coin?,coin,,small_items,,,,coin,small_items,,ceramic,material_finish,ceramic,material_finish,,,object_1,object_1
combined_attribute_cardinality_013_attribute_object_2,combined_attribute_cardinality_013,attribute,Does the image show a black-and-white checkered food container?,,food container,,containers,,,food container,containers,,black-and-white checkered,pattern_texture,,,black-and-white checkered,pattern_texture,object_2,object_2
combined_attribute_cardinality_014_identity_object_1,combined_attribute_cardinality_014,object_identity,Does the image contain a clearly identifiable small paper clip?,small paper clip,,small_items,,,,small paper clip,small_items,,,,,,,,object_1,
combined_attribute_cardinality_014_identity_object_2,combined_attribute_cardinality_014,object_identity,Does the image contain a clearly identifiable cup?,,cup,,containers,,,cup,containers,,,,,,,,object_2,
combined_attribute_cardinality_014_cardinality,combined_attribute_cardinality_014,cardinality,Does the image contain exactly 5 clearly visible small paper clips?,small paper clip,,small_items,,,,small paper clip,small_items,5,,,,,,,object_1,
combined_attribute_cardinality_014_attribute_object_1,combined_attribute_cardinality_014,attribute,Does the image show a ceramic small paper clip?,small paper clip,,small_items,,,,small paper clip,small_items,,ceramic,material_finish,ceramic,material_finish,,,object_1,object_1
combined_attribute_cardinality_014_attribute_object_2,combined_attribute_cardinality_014,attribute,Does the image show a reflective metallic cup?,,cup,,containers,,,cup,containers,,reflective metallic,material_finish,,,reflective metallic,material_finish,object_2,object_2
combined_attribute_cardinality_015_identity_object_1,combined_attribute_cardinality_015,object_identity,Does the image contain a clearly identifiable standard sewing button?,standard sewing button,,small_items,,,,standard sewing button,small_items,,,,,,,,object_1,
combined_attribute_cardinality_015_identity_object_2,combined_attribute_cardinality_015,object_identity,Does the image contain a clearly identifiable marble?,,marble,,small_items,,,marble,small_items,,,,,,,,object_2,
combined_attribute_cardinality_015_cardinality,combined_attribute_cardinality_015,cardinality,Does the image contain exactly 5 clearly visible standard sewing buttons?,standard sewing button,,small_items,,,,standard sewing button,small_items,5,,,,,,,object_1,
combined_attribute_cardinality_015_attribute_object_1,combined_attribute_cardinality_015,attribute,Does the image show a ceramic standard sewing button?,standard sewing button,,small_items,,,,standard sewing button,small_items,,ceramic,material_finish,ceramic,material_finish,,,object_1,object_1
combined_attribute_cardinality_015_attribute_object_2,combined_attribute_cardinality_015,attribute,Does the image show a glossy white marble?,,marble,,small_items,,,marble,small_items,,glossy white,material_finish,,,glossy white,material_finish,object_2,object_2
combined_attribute_cardinality_016_identity_object_1,combined_attribute_cardinality_016,object_identity,Does the image contain a clearly identifiable small flat washer?,small flat washer,,small_items,,,,small flat washer,small_items,,,,,,,,object_1,
combined_attribute_cardinality_016_identity_object_2,combined_attribute_cardinality_016,object_identity,Does the image contain a clearly identifiable cup?,,cup,,containers,,,cup,containers,,,,,,,,object_2,
combined_attribute_cardinality_016_cardinality,combined_attribute_cardinality_016,cardinality,Does the image contain exactly 5 clearly visible small flat washers?,small flat washer,,small_items,,,,small flat washer,small_items,5,,,,,,,object_1,
combined_attribute_cardinality_016_attribute_object_1,combined_attribute_cardinality_016,attribute,Does the image show a glossy white small flat washer?,small flat washer,,small_items,,,,small flat washer,small_items,,glossy white,material_finish,glossy white,material_finish,,,object_1,object_1
combined_attribute_cardinality_016_attribute_object_2,combined_attribute_cardinality_016,attribute,Does the image show a black-and-white checkered cup?,,cup,,containers,,,cup,containers,,black-and-white checkered,pattern_texture,,,black-and-white checkered,pattern_texture,object_2,object_2
combined_attribute_cardinality_017_identity_object_1,combined_attribute_cardinality_017,object_identity,Does the image contain a clearly identifiable standard sewing button?,standard sewing button,,small_items,,,,standard sewing button,small_items,,,,,,,,object_1,
combined_attribute_cardinality_017_identity_object_2,combined_attribute_cardinality_017,object_identity,Does the image contain a clearly identifiable notebook?,,notebook,,surfaces,,,notebook,surfaces,,,,,,,,object_2,
combined_attribute_cardinality_017_cardinality,combined_attribute_cardinality_017,cardinality,Does the image contain exactly 5 clearly visible standard sewing buttons?,standard sewing button,,small_items,,,,standard sewing button,small_items,5,,,,,,,object_1,
combined_attribute_cardinality_017_attribute_object_1,combined_attribute_cardinality_017,attribute,Does the image show a glossy white standard sewing button?,standard sewing button,,small_items,,,,standard sewing button,small_items,,glossy white,material_finish,glossy white,material_finish,,,object_1,object_1
combined_attribute_cardinality_017_attribute_object_2,combined_attribute_cardinality_017,attribute,Does the image show a white speckled notebook?,,notebook,,surfaces,,,notebook,surfaces,,white speckled,pattern_texture,,,white speckled,pattern_texture,object_2,object_2
combined_attribute_cardinality_018_identity_object_1,combined_attribute_cardinality_018,object_identity,Does the image contain a clearly identifiable coin?,coin,,small_items,,,,coin,small_items,,,,,,,,object_1,
combined_attribute_cardinality_018_identity_object_2,combined_attribute_cardinality_018,object_identity,Does the image contain a clearly identifiable marble?,,marble,,small_items,,,marble,small_items,,,,,,,,object_2,
combined_attribute_cardinality_018_cardinality,combined_attribute_cardinality_018,cardinality,Does the image contain exactly 5 clearly visible coins?,coin,,small_items,,,,coin,small_items,5,,,,,,,object_1,
combined_attribute_cardinality_018_attribute_object_1,combined_attribute_cardinality_018,attribute,Does the image show a plastic coin?,coin,,small_items,,,,coin,small_items,,plastic,material_finish,plastic,material_finish,,,object_1,object_1
combined_attribute_cardinality_018_attribute_object_2,combined_attribute_cardinality_018,attribute,Does the image show a matte black marble?,,marble,,small_items,,,marble,small_items,,matte black,material_finish,,,matte black,material_finish,object_2,object_2
combined_attribute_cardinality_019_identity_object_1,combined_attribute_cardinality_019,object_identity,Does the image contain a clearly identifiable coin?,coin,,small_items,,,,coin,small_items,,,,,,,,object_1,
combined_attribute_cardinality_019_identity_object_2,combined_attribute_cardinality_019,object_identity,Does the image contain a clearly identifiable die?,,die,,small_items,,,die,small_items,,,,,,,,object_2,
combined_attribute_cardinality_019_cardinality,combined_attribute_cardinality_019,cardinality,Does the image contain exactly 5 clearly visible coins?,coin,,small_items,,,,coin,small_items,5,,,,,,,object_1,
combined_attribute_cardinality_019_attribute_object_1,combined_attribute_cardinality_019,attribute,Does the image show a plastic coin?,coin,,small_items,,,,coin,small_items,,plastic,material_finish,plastic,material_finish,,,object_1,object_1
combined_attribute_cardinality_019_attribute_object_2,combined_attribute_cardinality_019,attribute,Does the image show a reflective metallic die?,,die,,small_items,,,die,small_items,,reflective metallic,material_finish,,,reflective metallic,material_finish,object_2,object_2
combined_attribute_cardinality_020_identity_object_1,combined_attribute_cardinality_020,object_identity,Does the image contain a clearly identifiable small flat washer?,small flat washer,,small_items,,,,small flat washer,small_items,,,,,,,,object_1,
combined_attribute_cardinality_020_identity_object_2,combined_attribute_cardinality_020,object_identity,Does the image contain a clearly identifiable bottle cap?,,bottle cap,,small_items,,,bottle cap,small_items,,,,,,,,object_2,
combined_attribute_cardinality_020_cardinality,combined_attribute_cardinality_020,cardinality,Does the image contain exactly 5 clearly visible small flat washers?,small flat washer,,small_items,,,,small flat washer,small_items,5,,,,,,,object_1,
combined_attribute_cardinality_020_attribute_object_1,combined_attribute_cardinality_020,attribute,Does the image show a plastic small flat washer?,small flat washer,,small_items,,,,small flat washer,small_items,,plastic,material_finish,plastic,material_finish,,,object_1,object_1
combined_attribute_cardinality_020_attribute_object_2,combined_attribute_cardinality_020,attribute,Does the image show a reflective metallic bottle cap?,,bottle cap,,small_items,,,bottle cap,small_items,,reflective metallic,material_finish,,,reflective metallic,material_finish,object_2,object_2
combined_attribute_cardinality_021_identity_object_1,combined_attribute_cardinality_021,object_identity,Does the image contain a clearly identifiable standard sewing button?,standard sewing button,,small_items,,,,standard sewing button,small_items,,,,,,,,object_1,
combined_attribute_cardinality_021_identity_object_2,combined_attribute_cardinality_021,object_identity,Does the image contain a clearly identifiable marble?,,marble,,small_items,,,marble,small_items,,,,,,,,object_2,
combined_attribute_cardinality_021_cardinality,combined_attribute_cardinality_021,cardinality,Does the image contain exactly 5 clearly visible standard sewing buttons?,standard sewing button,,small_items,,,,standard sewing button,small_items,5,,,,,,,object_1,
combined_attribute_cardinality_021_attribute_object_1,combined_attribute_cardinality_021,attribute,Does the image show a plastic standard sewing button?,standard sewing button,,small_items,,,,standard sewing button,small_items,,plastic,material_finish,plastic,material_finish,,,object_1,object_1
combined_attribute_cardinality_021_attribute_object_2,combined_attribute_cardinality_021,attribute,Does the image show a glossy white marble?,,marble,,small_items,,,marble,small_items,,glossy white,material_finish,,,glossy white,material_finish,object_2,object_2
combined_attribute_cardinality_022_identity_object_1,combined_attribute_cardinality_022,object_identity,Does the image contain a clearly identifiable thumbtack?,thumbtack,,small_items,,,,thumbtack,small_items,,,,,,,,object_1,
combined_attribute_cardinality_022_identity_object_2,combined_attribute_cardinality_022,object_identity,Does the image contain a clearly identifiable standard sewing button?,,standard sewing button,,small_items,,,standard sewing button,small_items,,,,,,,,object_2,
combined_attribute_cardinality_022_cardinality,combined_attribute_cardinality_022,cardinality,Does the image contain exactly 5 clearly visible thumbtacks?,thumbtack,,small_items,,,,thumbtack,small_items,5,,,,,,,object_1,
combined_attribute_cardinality_022_attribute_object_1,combined_attribute_cardinality_022,attribute,Does the image show a reflective metallic thumbtack?,thumbtack,,small_items,,,,thumbtack,small_items,,reflective metallic,material_finish,reflective metallic,material_finish,,,object_1,object_1
combined_attribute_cardinality_022_attribute_object_2,combined_attribute_cardinality_022,attribute,Does the image show a plastic standard sewing button?,,standard sewing button,,small_items,,,standard sewing button,small_items,,plastic,material_finish,,,plastic,material_finish,object_2,object_2
combined_attribute_cardinality_023_identity_object_1,combined_attribute_cardinality_023,object_identity,Does the image contain a clearly identifiable small flat washer?,small flat washer,,small_items,,,,small flat washer,small_items,,,,,,,,object_1,
combined_attribute_cardinality_023_identity_object_2,combined_attribute_cardinality_023,object_identity,Does the image contain a clearly identifiable thumbtack?,,thumbtack,,small_items,,,thumbtack,small_items,,,,,,,,object_2,
combined_attribute_cardinality_023_cardinality,combined_attribute_cardinality_023,cardinality,Does the image contain exactly 5 clearly visible small flat washers?,small flat washer,,small_items,,,,small flat washer,small_items,5,,,,,,,object_1,
combined_attribute_cardinality_023_attribute_object_1,combined_attribute_cardinality_023,attribute,Does the image show a transparent glass small flat washer?,small flat washer,,small_items,,,,small flat washer,small_items,,transparent glass,material_finish,transparent glass,material_finish,,,object_1,object_1
combined_attribute_cardinality_023_attribute_object_2,combined_attribute_cardinality_023,attribute,Does the image show a ceramic thumbtack?,,thumbtack,,small_items,,,thumbtack,small_items,,ceramic,material_finish,,,ceramic,material_finish,object_2,object_2
combined_attribute_cardinality_024_identity_object_1,combined_attribute_cardinality_024,object_identity,Does the image contain a clearly identifiable coin?,coin,,small_items,,,,coin,small_items,,,,,,,,object_1,
combined_attribute_cardinality_024_identity_object_2,combined_attribute_cardinality_024,object_identity,Does the image contain a clearly identifiable tray?,,tray,,containers,,,tray,containers,,,,,,,,object_2,
combined_attribute_cardinality_024_cardinality,combined_attribute_cardinality_024,cardinality,Does the image contain exactly 6 clearly visible coins?,coin,,small_items,,,,coin,small_items,6,,,,,,,object_1,
combined_attribute_cardinality_024_attribute_object_1,combined_attribute_cardinality_024,attribute,Does the image show a ceramic coin?,coin,,small_items,,,,coin,small_items,,ceramic,material_finish,ceramic,material_finish,,,object_1,object_1
combined_attribute_cardinality_024_attribute_object_2,combined_attribute_cardinality_024,attribute,Does the image show a blue-and-white striped tray?,,tray,,containers,,,tray,containers,,blue-and-white striped,pattern_texture,,,blue-and-white striped,pattern_texture,object_2,object_2
combined_attribute_cardinality_025_identity_object_1,combined_attribute_cardinality_025,object_identity,Does the image contain a clearly identifiable coin?,coin,,small_items,,,,coin,small_items,,,,,,,,object_1,
combined_attribute_cardinality_025_identity_object_2,combined_attribute_cardinality_025,object_identity,Does the image contain a clearly identifiable napkin?,,napkin,,surfaces,,,napkin,surfaces,,,,,,,,object_2,
combined_attribute_cardinality_025_cardinality,combined_attribute_cardinality_025,cardinality,Does the image contain exactly 6 clearly visible coins?,coin,,small_items,,,,coin,small_items,6,,,,,,,object_1,
combined_attribute_cardinality_025_attribute_object_1,combined_attribute_cardinality_025,attribute,Does the image show a glossy white coin?,coin,,small_items,,,,coin,small_items,,glossy white,material_finish,glossy white,material_finish,,,object_1,object_1
combined_attribute_cardinality_025_attribute_object_2,combined_attribute_cardinality_025,attribute,Does the image show a blue-and-white striped napkin?,,napkin,,surfaces,,,napkin,surfaces,,blue-and-white striped,pattern_texture,,,blue-and-white striped,pattern_texture,object_2,object_2
combined_attribute_cardinality_026_identity_object_1,combined_attribute_cardinality_026,object_identity,Does the image contain a clearly identifiable standard sewing button?,standard sewing button,,small_items,,,,standard sewing button,small_items,,,,,,,,object_1,
combined_attribute_cardinality_026_identity_object_2,combined_attribute_cardinality_026,object_identity,Does the image contain a clearly identifiable small box?,,small box,,containers,,,small box,containers,,,,,,,,object_2,
combined_attribute_cardinality_026_cardinality,combined_attribute_cardinality_026,cardinality,Does the image contain exactly 6 clearly visible standard sewing buttons?,standard sewing button,,small_items,,,,standard sewing button,small_items,6,,,,,,,object_1,
combined_attribute_cardinality_026_attribute_object_1,combined_attribute_cardinality_026,attribute,Does the image show a matte black standard sewing button?,standard sewing button,,small_items,,,,standard sewing button,small_items,,matte black,material_finish,matte black,material_finish,,,object_1,object_1
combined_attribute_cardinality_026_attribute_object_2,combined_attribute_cardinality_026,attribute,Does the image show a blue-and-white striped small box?,,small box,,containers,,,small box,containers,,blue-and-white striped,pattern_texture,,,blue-and-white striped,pattern_texture,object_2,object_2
combined_attribute_cardinality_027_identity_object_1,combined_attribute_cardinality_027,object_identity,Does the image contain a clearly identifiable thin rubber band?,thin rubber band,,small_items,,,,thin rubber band,small_items,,,,,,,,object_1,
combined_attribute_cardinality_027_identity_object_2,combined_attribute_cardinality_027,object_identity,Does the image contain a clearly identifiable die?,,die,,small_items,,,die,small_items,,,,,,,,object_2,
combined_attribute_cardinality_027_cardinality,combined_attribute_cardinality_027,cardinality,Does the image contain exactly 6 clearly visible thin rubber bands?,thin rubber band,,small_items,,,,thin rubber band,small_items,6,,,,,,,object_1,
combined_attribute_cardinality_027_attribute_object_1,combined_attribute_cardinality_027,attribute,Does the image show a plastic thin rubber band?,thin rubber band,,small_items,,,,thin rubber band,small_items,,plastic,material_finish,plastic,material_finish,,,object_1,object_1
combined_attribute_cardinality_027_attribute_object_2,combined_attribute_cardinality_027,attribute,Does the image show a glossy white die?,,die,,small_items,,,die,small_items,,glossy white,material_finish,,,glossy white,material_finish,object_2,object_2
combined_attribute_cardinality_028_identity_object_1,combined_attribute_cardinality_028,object_identity,Does the image contain a clearly identifiable bottle cap?,bottle cap,,small_items,,,,bottle cap,small_items,,,,,,,,object_1,
combined_attribute_cardinality_028_identity_object_2,combined_attribute_cardinality_028,object_identity,Does the image contain a clearly identifiable standard sewing button?,,standard sewing button,,small_items,,,standard sewing button,small_items,,,,,,,,object_2,
combined_attribute_cardinality_028_cardinality,combined_attribute_cardinality_028,cardinality,Does the image contain exactly 3 clearly visible bottle caps?,bottle cap,,small_items,,,,bottle cap,small_items,3,,,,,,,object_1,
combined_attribute_cardinality_028_attribute_object_1,combined_attribute_cardinality_028,attribute,Does the image show a plastic bottle cap?,bottle cap,,small_items,,,,bottle cap,small_items,,plastic,material_finish,plastic,material_finish,,,object_1,object_1
combined_attribute_cardinality_028_attribute_object_2,combined_attribute_cardinality_028,attribute,Does the image show a matte black standard sewing button?,,standard sewing button,,small_items,,,standard sewing button,small_items,,matte black,material_finish,,,matte black,material_finish,object_2,object_2
combined_attribute_cardinality_029_identity_object_1,combined_attribute_cardinality_029,object_identity,Does the image contain a clearly identifiable die?,die,,small_items,,,,die,small_items,,,,,,,,object_1,
combined_attribute_cardinality_029_identity_object_2,combined_attribute_cardinality_029,object_identity,Does the image contain a clearly identifiable thumbtack?,,thumbtack,,small_items,,,thumbtack,small_items,,,,,,,,object_2,
combined_attribute_cardinality_029_cardinality,combined_attribute_cardinality_029,cardinality,Does the image contain exactly 3 clearly visible dice?,die,,small_items,,,,die,small_items,3,,,,,,,object_1,
combined_attribute_cardinality_029_attribute_object_1,combined_attribute_cardinality_029,attribute,Does the image show a reflective metallic die?,die,,small_items,,,,die,small_items,,reflective metallic,material_finish,reflective metallic,material_finish,,,object_1,object_1
combined_attribute_cardinality_029_attribute_object_2,combined_attribute_cardinality_029,attribute,Does the image show a glossy white thumbtack?,,thumbtack,,small_items,,,thumbtack,small_items,,glossy white,material_finish,,,glossy white,material_finish,object_2,object_2
combined_attribute_cardinality_030_identity_object_1,combined_attribute_cardinality_030,object_identity,Does the image contain a clearly identifiable die?,die,,small_items,,,,die,small_items,,,,,,,,object_1,
combined_attribute_cardinality_030_identity_object_2,combined_attribute_cardinality_030,object_identity,Does the image contain a clearly identifiable thin rubber band?,,thin rubber band,,small_items,,,thin rubber band,small_items,,,,,,,,object_2,
combined_attribute_cardinality_030_cardinality,combined_attribute_cardinality_030,cardinality,Does the image contain exactly 4 clearly visible dice?,die,,small_items,,,,die,small_items,4,,,,,,,object_1,
combined_attribute_cardinality_030_attribute_object_1,combined_attribute_cardinality_030,attribute,Does the image show a matte black die?,die,,small_items,,,,die,small_items,,matte black,material_finish,matte black,material_finish,,,object_1,object_1
combined_attribute_cardinality_030_attribute_object_2,combined_attribute_cardinality_030,attribute,Does the image show a transparent glass thin rubber band?,,thin rubber band,,small_items,,,thin rubber band,small_items,,transparent glass,material_finish,,,transparent glass,material_finish,object_2,object_2
combined_attribute_cardinality_031_identity_object_1,combined_attribute_cardinality_031,object_identity,Does the image contain a clearly identifiable thin rubber band?,thin rubber band,,small_items,,,,thin rubber band,small_items,,,,,,,,object_1,
combined_attribute_cardinality_031_identity_object_2,combined_attribute_cardinality_031,object_identity,Does the image contain a clearly identifiable cup?,,cup,,containers,,,cup,containers,,,,,,,,object_2,
combined_attribute_cardinality_031_cardinality,combined_attribute_cardinality_031,cardinality,Does the image contain exactly 5 clearly visible thin rubber bands?,thin rubber band,,small_items,,,,thin rubber band,small_items,5,,,,,,,object_1,
combined_attribute_cardinality_031_attribute_object_1,combined_attribute_cardinality_031,attribute,Does the image show a ceramic thin rubber band?,thin rubber band,,small_items,,,,thin rubber band,small_items,,ceramic,material_finish,ceramic,material_finish,,,object_1,object_1
combined_attribute_cardinality_031_attribute_object_2,combined_attribute_cardinality_031,attribute,Does the image show a red-and-white striped cup?,,cup,,containers,,,cup,containers,,red-and-white striped,pattern_texture,,,red-and-white striped,pattern_texture,object_2,object_2
combined_attribute_cardinality_032_identity_object_1,combined_attribute_cardinality_032,object_identity,Does the image contain a clearly identifiable thumbtack?,thumbtack,,small_items,,,,thumbtack,small_items,,,,,,,,object_1,
combined_attribute_cardinality_032_identity_object_2,combined_attribute_cardinality_032,object_identity,Does the image contain a clearly identifiable napkin?,,napkin,,surfaces,,,napkin,surfaces,,,,,,,,object_2,
combined_attribute_cardinality_032_cardinality,combined_attribute_cardinality_032,cardinality,Does the image contain exactly 5 clearly visible thumbtacks?,thumbtack,,small_items,,,,thumbtack,small_items,5,,,,,,,object_1,
combined_attribute_cardinality_032_attribute_object_1,combined_attribute_cardinality_032,attribute,Does the image show a glossy white thumbtack?,thumbtack,,small_items,,,,thumbtack,small_items,,glossy white,material_finish,glossy white,material_finish,,,object_1,object_1
combined_attribute_cardinality_032_attribute_object_2,combined_attribute_cardinality_032,attribute,Does the image show a white speckled napkin?,,napkin,,surfaces,,,napkin,surfaces,,white speckled,pattern_texture,,,white speckled,pattern_texture,object_2,object_2
combined_attribute_cardinality_033_identity_object_1,combined_attribute_cardinality_033,object_identity,Does the image contain a clearly identifiable thumbtack?,thumbtack,,small_items,,,,thumbtack,small_items,,,,,,,,object_1,
combined_attribute_cardinality_033_identity_object_2,combined_attribute_cardinality_033,object_identity,Does the image contain a clearly identifiable cutting board?,,cutting board,,surfaces,,,cutting board,surfaces,,,,,,,,object_2,
combined_attribute_cardinality_033_cardinality,combined_attribute_cardinality_033,cardinality,Does the image contain exactly 5 clearly visible thumbtacks?,thumbtack,,small_items,,,,thumbtack,small_items,5,,,,,,,object_1,
combined_attribute_cardinality_033_attribute_object_1,combined_attribute_cardinality_033,attribute,Does the image show a matte black thumbtack?,thumbtack,,small_items,,,,thumbtack,small_items,,matte black,material_finish,matte black,material_finish,,,object_1,object_1
combined_attribute_cardinality_033_attribute_object_2,combined_attribute_cardinality_033,attribute,Does the image show a red-and-white striped cutting board?,,cutting board,,surfaces,,,cutting board,surfaces,,red-and-white striped,pattern_texture,,,red-and-white striped,pattern_texture,object_2,object_2
combined_attribute_cardinality_034_identity_object_1,combined_attribute_cardinality_034,object_identity,Does the image contain a clearly identifiable thumbtack?,thumbtack,,small_items,,,,thumbtack,small_items,,,,,,,,object_1,
combined_attribute_cardinality_034_identity_object_2,combined_attribute_cardinality_034,object_identity,Does the image contain a clearly identifiable sheet of paper?,,sheet of paper,,surfaces,,,sheet of paper,surfaces,,,,,,,,object_2,
combined_attribute_cardinality_034_cardinality,combined_attribute_cardinality_034,cardinality,Does the image contain exactly 5 clearly visible thumbtacks?,thumbtack,,small_items,,,,thumbtack,small_items,5,,,,,,,object_1,
combined_attribute_cardinality_034_attribute_object_1,combined_attribute_cardinality_034,attribute,Does the image show a matte black thumbtack?,thumbtack,,small_items,,,,thumbtack,small_items,,matte black,material_finish,matte black,material_finish,,,object_1,object_1
combined_attribute_cardinality_034_attribute_object_2,combined_attribute_cardinality_034,attribute,Does the image show a white speckled sheet of paper?,,sheet of paper,,surfaces,,,sheet of paper,surfaces,,white speckled,pattern_texture,,,white speckled,pattern_texture,object_2,object_2
combined_attribute_cardinality_035_identity_object_1,combined_attribute_cardinality_035,object_identity,Does the image contain a clearly identifiable small paper clip?,small paper clip,,small_items,,,,small paper clip,small_items,,,,,,,,object_1,
combined_attribute_cardinality_035_identity_object_2,combined_attribute_cardinality_035,object_identity,Does the image contain a clearly identifiable napkin?,,napkin,,surfaces,,,napkin,surfaces,,,,,,,,object_2,
combined_attribute_cardinality_035_cardinality,combined_attribute_cardinality_035,cardinality,Does the image contain exactly 5 clearly visible small paper clips?,small paper clip,,small_items,,,,small paper clip,small_items,5,,,,,,,object_1,
combined_attribute_cardinality_035_attribute_object_1,combined_attribute_cardinality_035,attribute,Does the image show a plastic small paper clip?,small paper clip,,small_items,,,,small paper clip,small_items,,plastic,material_finish,plastic,material_finish,,,object_1,object_1
combined_attribute_cardinality_035_attribute_object_2,combined_attribute_cardinality_035,attribute,Does the image show a yellow-and-green polka-dotted napkin?,,napkin,,surfaces,,,napkin,surfaces,,yellow-and-green polka-dotted,pattern_texture,,,yellow-and-green polka-dotted,pattern_texture,object_2,object_2
combined_attribute_cardinality_036_identity_object_1,combined_attribute_cardinality_036,object_identity,Does the image contain a clearly identifiable small paper clip?,small paper clip,,small_items,,,,small paper clip,small_items,,,,,,,,object_1,
combined_attribute_cardinality_036_identity_object_2,combined_attribute_cardinality_036,object_identity,Does the image contain a clearly identifiable die?,,die,,small_items,,,die,small_items,,,,,,,,object_2,
combined_attribute_cardinality_036_cardinality,combined_attribute_cardinality_036,cardinality,Does the image contain exactly 5 clearly visible small paper clips?,small paper clip,,small_items,,,,small paper clip,small_items,5,,,,,,,object_1,
combined_attribute_cardinality_036_attribute_object_1,combined_attribute_cardinality_036,attribute,Does the image show a reflective metallic small paper clip?,small paper clip,,small_items,,,,small paper clip,small_items,,reflective metallic,material_finish,reflective metallic,material_finish,,,object_1,object_1
combined_attribute_cardinality_036_attribute_object_2,combined_attribute_cardinality_036,attribute,Does the image show a glossy white die?,,die,,small_items,,,die,small_items,,glossy white,material_finish,,,glossy white,material_finish,object_2,object_2
